coffee_id,Aroma,Flavor,Aftertaste,Acidity,Body,Balance,Uniformity,Clean Cup,Sweetness,Overall,Defects,Total Cup Points
#261473,8.58,8.5,8.42,8.58,8.25,8.42,10,10,10,8.58,0,89.33
#984405,7.67,7.67,7.58,7.67,7.83,7.58,10,10,10,7.75,0,83.75
#693585,7.67,7.92,7.67,7.58,7.67,7.67,10,10,10,7.58,0,83.75
#274853,7.83,7.75,7.5,7.58,7.67,7.67,10,10,10,7.67,0,83.67
#154686,7.67,7.67,7.58,7.75,7.67,7.67,10,10,10,7.67,0,83.67
#127584,7.58,7.75,7.67,7.83,7.5,7.67,10,10,10,7.67,0,83.67
#125800,7.83,7.83,7.67,7.58,7.58,7.58,10,10,10,7.58,0,83.67
#356700,7.67,7.67,7.75,7.75,7.5,7.67,10,10,10,7.67,0,83.67
#150681,7.58,7.75,7.58,7.75,7.58,7.67,10,10,10,7.67,0,83.58
#744798,7.58,7.67,7.5,7.75,7.75,7.67,10,10,10,7.67,0,83.58
#329719,7.75,7.75,7.5,7.58,7.83,7.5,10,10,10,7.58,0,83.5
#443473,8.08,8,8.08,8.08,8,8,10,10,10,8,0,86.25
#275002,7.42,7.83,7.58,7.67,7.67,7.75,10,10,10,7.58,0,83.5
#183019,7.75,7.67,7.58,7.58,7.58,7.67,10,10,10,7.67,0,83.5
#947066,7.42,7.42,7.42,8,7.92,7.67,10,10,10,7.67,0,83.5
#677657,7.75,7.75,7.5,7.5,7.58,7.58,10,10,10,7.75,0,83.42
#434200,7.75,7.92,7.67,7.92,7.75,7.83,8.67,10,10,7.92,0,83.42
#735285,7.67,7.67,7.5,7.67,7.58,7.67,10,10,10,7.67,0,83.42
#191702,7.58,7.75,7.42,7.67,7.5,7.75,10,10,10,7.67,0,83.33
#852126,7.75,7.83,7.58,7.58,7.58,7.5,10,10,10,7.5,0,83.33
#913173,7.67,7.67,7.42,7.75,7.5,7.75,10,10,10,7.58,0,83.33
#128172,7.58,7.67,7.58,7.75,7.42,7.58,10,10,10,7.75,0,83.33
#126358,8.08,8,8,7.75,8.25,8.17,10,10,10,8,0,86.25
#989481,7.75,7.67,7.58,7.5,7.67,7.5,10,10,10,7.67,0,83.33
#201057,7.92,7.92,7.75,7.33,7.58,7.5,10,10,10,7.33,0,83.33
#918443,7.58,7.67,7.5,7.75,7.5,7.58,10,10,10,7.75,0,83.33
#917199,7.5,7.75,7.58,7.75,7.67,7.58,10,10,10,7.5,0,83.33
#138975,7.67,7.67,7.58,7.67,7.58,7.58,10,10,10,7.5,0,83.25
#431038,7.92,7.67,7.42,7.5,7.67,7.58,10,10,10,7.5,0,83.25
#526397,7.75,7.75,7.58,7.67,7.42,7.5,10,10,10,7.58,0,83.25
#914711,7.58,7.5,7.5,7.83,7.67,7.5,10,10,10,7.67,0,83.25
#814258,7.67,7.75,7.67,7.58,7.5,7.58,10,10,10,7.5,0,83.25
#442273,7.75,7.58,7.58,7.58,7.5,7.58,10,10,10,7.67,0,83.25
#233123,8.08,8.25,8,8.08,7.92,7.92,10,10,10,8,0,86.25
#764728,7.75,7.75,7.5,7.75,7.5,7.42,10,10,10,7.5,0,83.17
#748900,7.67,7.67,7.5,7.58,7.58,7.5,10,10,10,7.67,0,83.17
#946237,7.67,7.58,7.5,7.67,7.58,7.58,10,10,10,7.58,0,83.17
#102399,7.75,7.58,7.58,7.58,7.58,7.5,10,10,10,7.5,0,83.08
#106719,7.67,7.75,7.33,7.67,7.58,7.5,10,10,10,7.58,0,83.08
#449544,8,7.67,7.42,7.58,7.58,7.42,10,10,10,7.33,0,83
#405157,7.5,7.67,7.58,7.58,7.5,7.5,10,10,10,7.58,0,82.92
#689252,7.58,7.5,7.5,7.67,7.58,7.5,10,10,10,7.58,0,82.92
#300720,7.75,7.5,7.42,7.67,7.58,7.5,10,10,10,7.5,0,82.92
#280845,7.67,7.5,7.42,7.75,7.42,7.58,10,10,10,7.58,0,82.92
#241548,7.67,8.17,8,8.33,8,8,10,10,10,8,0,86.17
#915144,7.67,7.58,7.5,7.5,7.58,7.5,10,10,10,7.5,0,82.83
#470272,7.17,7.92,7.58,7.5,7.58,7.67,10,10,10,7.42,0,82.83
#249591,7.58,7.42,7.58,7.5,7.67,7.75,10,10,10,7.33,0,82.83
#864968,7.33,7.5,7.25,7.92,7.75,7.58,10,10,10,7.42,0,82.75
#995570,7.33,7.58,7.25,7.33,7.75,8.17,10,10,10,7.33,0,82.75
#421693,7.67,7.58,7.33,7.5,7.58,7.5,10,10,10,7.5,0,82.67
#370112,7.5,7.58,7.5,7.42,7.5,7.58,10,10,10,7.58,0,82.67
#146278,7.33,7.58,7.58,7.5,7.67,7.67,10,10,10,7.33,0,82.67
#989796,7.58,7.67,7.58,7.5,7.33,7.5,10,10,10,7.5,0,82.67
#895349,7.67,7.58,7.42,7.42,7.5,7.5,10,10,10,7.5,0,82.58
#655504,8.08,8,8.08,7.92,8.08,8,10,10,10,8,0,86.17
#794972,7.5,7.58,7.42,7.58,7.5,7.58,10,10,10,7.42,0,82.58
#211361,7.67,7.67,7.42,7.42,7.42,7.5,10,10,10,7.5,0,82.58
#876726,7.67,7.42,7.5,7.5,7.67,7.42,10,10,10,7.33,0,82.5
#547819,7.42,7.42,7.58,7.42,7.58,7.5,10,10,10,7.58,0,82.5
#840458,7.67,7.33,7.17,7.67,7.83,7.5,10,10,10,7.33,0,82.5
#295641,7.33,7.58,7.5,7.5,7.5,7.58,10,10,10,7.5,0,82.5
#451085,7.58,7.58,7.42,7.42,7.5,7.5,10,10,10,7.42,0,82.42
#322731,7.33,7.67,7.25,7.67,7.83,7.42,10,10,10,7.17,0,82.33
#494650,8.17,8.08,8,7.92,8,7.92,10,10,10,8,0,86.08
#112317,7.5,7.5,7.42,7.42,7.42,7.67,10,10,10,7.42,0,82.33
#142692,7.67,7.58,7.42,7.5,7.33,7.42,10,10,10,7.42,0,82.33
#539926,7.5,7.5,7.33,7.5,7.5,7.42,10,10,10,7.58,0,82.33
#958749,7.67,7.5,7.33,7.58,7.33,7.42,10,10,10,7.42,0,82.25
#824584,7.5,7.5,7.42,7.5,7.25,7.5,10,10,10,7.5,0,82.17
#886281,7.75,7.42,7.33,7.5,7.33,7.5,10,10,10,7.33,0,82.17
#348647,7.5,7.67,7.33,7.5,7.25,7.33,10,10,10,7.5,0,82.08
#105052,7.33,7.42,7.42,7.5,7.42,7.5,10,10,10,7.5,0,82.08
#656152,7.42,7.42,7.42,7.33,7.5,7.42,10,10,10,7.5,0,82
#175322,7.17,7.5,7.42,7.42,7.58,7.5,10,10,10,7.42,0,82
#617945,8,8.17,8,7.92,7.92,7.92,10,10,10,8.17,0,86.08
#934594,7.5,7.58,7.42,7.42,7.25,7.42,10,10,10,7.42,0,82
#594815,7.42,7.42,7.42,7.33,7.58,7.33,10,10,10,7.5,0,82
#847918,7.67,7.33,7.25,7.67,7.42,7.25,10,10,10,7.42,0,82
#571059,7.5,7.5,7.33,7.5,7.33,7.33,10,10,10,7.42,0,81.92
#709384,7.33,7.42,7.33,7.42,7.58,7.42,10,10,10,7.42,0,81.92
#663913,7.25,7.42,7.42,7.5,7.42,7.42,10,10,10,7.42,0,81.83
#208327,7.5,7.5,7.25,7.42,7.42,7.42,10,10,10,7.33,0,81.83
#772299,7.58,7.42,7.33,7.33,7.5,7.33,10,10,10,7.33,0,81.83
#801129,7.5,7.5,7.42,7.33,7.33,7.33,10,10,10,7.42,0,81.83
#275886,7.33,7.5,7.33,7.42,7.42,7.42,10,10,10,7.33,0,81.75
#638524,8.17,8.08,7.92,8.17,7.75,7.92,10,10,10,8.08,0,86.08
#448890,7.42,7.5,7.58,7.33,7.33,7.25,10,10,10,7.33,0,81.75
#587946,7.58,7.42,7.25,7.25,7.5,7.33,10,10,10,7.33,0,81.67
#531106,7.42,7.5,7.33,7.33,7.33,7.33,10,10,10,7.33,0,81.58
#793199,7.33,7.42,7.25,7.42,7.42,7.33,10,10,10,7.42,0,81.58
#553743,7.33,7.5,7.42,7.33,7.33,7.25,10,10,10,7.33,0,81.5
#223636,7.33,7.42,7.25,7.33,7.5,7.42,10,10,10,7.17,0,81.42
#625390,7.42,7.25,7.33,7.42,7.33,7.33,10,10,10,7.25,0,81.33
#126973,7.25,7.25,7.42,7.25,7.42,7.42,10,10,10,7.17,0,81.17
#300209,7.42,7.25,7.25,7.42,7.17,7.33,10,10,10,7.33,0,81.17
#153864,7.42,7.42,7.25,7.25,7.17,7.25,10,10,10,7.25,0,81
#814850,8.08,8.17,7.75,7.92,7.83,8,10,10,10,8.17,0,85.92
#829408,7.42,7.33,7.33,7.5,7.08,7,10,10,10,7.17,0,80.83
#707378,7.25,7.25,7.17,7.33,7.08,7.25,10,10,10,7.17,0,80.5
#826756,7.42,7.17,7,7.08,7.42,7.17,10,10,10,7.17,0,80.42
#483718,7.25,7.25,7.17,7.33,7,7.17,10,10,10,7.25,0,80.42
#181854,7.08,7.25,7.08,7.42,7.42,7.08,10,10,10,7,0,80.33
#242592,7.5,7.25,7.17,7.17,7.17,7.08,10,10,10,7,0,80.33
#420582,7.25,7.17,7.17,7.08,7.17,7.17,10,10,10,7.17,0,80.17
#319783,7.17,7.17,6.92,7.17,7.42,7.17,10,10,10,7.08,0,80.08
#723401,7.33,7.08,6.75,7.17,7.42,7.17,10,10,10,7.08,0,80
#217253,7.25,7.17,7.08,7,7.08,7.08,10,10,10,7,0,79.67
#346202,8.17,8,7.92,7.92,8.17,7.75,10,10,10,7.92,0,85.83
#531918,8.5,8.5,7.92,8,7.92,8.25,10,10,10,8.5,0,87.58
#978770,8,7.92,8.08,7.92,7.75,8,10,10,10,8.08,0,85.75
#367114,8.08,8,7.83,8.17,7.75,7.83,10,10,10,8,0,85.67
#928398,7.67,8,7.83,8,8.08,8,10,10,10,8.08,0,85.67
#948279,8.08,8,7.92,7.92,8,7.83,10,10,10,7.92,0,85.67
#127725,7.83,8,7.92,8,8,7.92,10,10,10,7.92,0,85.58
#717129,7.92,7.92,8,7.92,7.83,7.92,10,10,10,8,0,85.5
#300191,7.83,8.08,7.83,7.92,8,7.83,10,10,10,8,0,85.5
#741300,8,8,8,7.92,7.75,7.92,10,10,10,7.92,0,85.5
#888419,8.17,8.08,7.92,8,7.58,7.83,10,10,10,7.92,0,85.5
#829336,8,7.92,8,7.83,7.67,8,10,10,10,8,0,85.42
#460896,8.33,8.42,8.08,8.17,7.92,8.17,10,10,10,8.33,0,87.42
#389965,8,8,7.83,7.83,7.75,7.92,10,10,10,8.08,0,85.42
#894623,8.08,8.17,7.67,7.83,7.67,7.92,10,10,10,8,0,85.33
#778206,7.92,8,7.83,7.92,7.83,7.83,10,10,10,8,0,85.33
#611011,8,8.08,8,8,7.67,7.75,10,10,10,7.83,0,85.33
#917098,7.67,7.83,7.83,8,8,8,10,10,10,8,0,85.33
#736196,8,7.92,7.83,7.92,7.83,7.83,10,10,10,7.92,0,85.25
#387213,8.17,7.75,7.83,7.58,7.92,8,10,10,10,8,0,85.25
#423394,7.92,7.75,7.83,8.17,8,7.75,10,10,10,7.83,0,85.25
#197220,8.25,8.08,7.83,7.75,7.67,7.75,10,10,10,7.92,0,85.25
#259403,7.75,7.92,7.75,8,7.83,7.92,10,10,10,8,0,85.17
#877064,8.08,8.17,8.17,8.25,8.17,8.08,10,10,10,8.25,0,87.17
#546930,8,7.92,7.83,7.92,7.75,7.75,10,10,10,7.92,0,85.08
#994657,8,8.08,7.67,7.75,7.92,7.83,10,10,10,7.83,0,85.08
#725808,8,7.92,7.67,8,7.75,7.83,10,10,10,7.92,0,85.08
#614786,7.67,8,7.75,7.92,8,7.83,10,10,10,7.83,0,85
#280251,8.17,8.08,7.83,7.67,7.67,7.75,10,10,10,7.83,0,85
#938229,7.67,8.08,7.67,8,7.92,7.83,10,10,10,7.83,0,85
#261460,8,7.92,7.75,7.75,7.75,7.92,10,10,10,7.92,0,85
#952428,7.92,8,7.92,8,7.58,7.75,10,10,10,7.83,0,85
#599652,7.92,7.92,7.83,7.83,7.75,7.83,10,10,10,7.83,0,84.92
#647123,7.83,7.92,7.75,8,7.75,7.75,10,10,10,7.92,0,84.92
#270359,8.33,8.33,8.08,8.25,7.92,7.92,10,10,10,8.25,0,87.08
#680765,8,8,7.83,7.83,7.58,7.83,10,10,10,7.75,0,84.83
#699883,7.83,7.83,7.67,7.67,7.83,8,10,10,10,8,0,84.83
#541397,8,8,7.75,7.75,7.67,7.75,10,10,10,7.92,0,84.83
#777610,7.92,7.75,7.75,7.92,7.83,7.83,10,10,10,7.83,0,84.83
#350205,7.83,7.92,7.75,7.83,7.83,7.83,10,10,10,7.83,0,84.83
#508075,7.83,7.92,7.75,7.92,7.67,7.83,10,10,10,7.83,0,84.75
#458680,7.67,7.92,7.92,7.83,7.75,7.83,10,10,10,7.83,0,84.75
#994915,7.83,7.83,7.75,7.92,7.83,7.75,10,10,10,7.83,0,84.75
#874548,7.92,8.08,7.67,7.92,7.67,7.75,10,10,10,7.75,0,84.75
#444508,7.58,7.83,7.5,7.67,7.83,7.67,10,10,10,8.58,0,84.67
#194737,8.33,8.33,8.25,7.83,7.83,8.17,10,10,10,8.25,0,87
#975481,7.67,8,7.67,7.83,7.92,7.67,10,10,10,7.92,0,84.67
#940597,8.17,7.83,7.67,7.83,7.67,7.67,10,10,10,7.75,0,84.58
#695532,8.08,7.83,7.67,7.67,7.67,7.75,10,10,10,7.92,0,84.58
#917862,7.83,8,7.67,7.75,7.67,7.75,10,10,10,7.92,0,84.58
#210044,7.92,7.75,7.67,7.67,7.83,7.75,10,10,10,8,0,84.58
#240429,7.83,7.83,7.75,7.75,7.75,7.75,10,10,10,7.92,0,84.58
#797281,8,7.83,7.75,7.67,7.58,7.83,10,10,10,7.92,0,84.58
#760524,7.75,7.92,7.83,7.75,7.75,7.75,10,10,10,7.75,0,84.5
#409732,7.92,7.83,7.75,7.92,7.58,7.67,10,10,10,7.83,0,84.5
#439097,8.08,7.92,7.75,7.83,7.5,7.58,10,10,10,7.83,0,84.5
#462111,8.33,8.17,8.08,8,7.83,8.25,10,10,10,8.25,0,86.92
#741289,7.75,7.83,7.67,7.83,7.75,7.75,10,10,10,7.92,0,84.5
#748155,7.83,7.92,7.75,7.75,7.75,7.75,10,10,10,7.75,0,84.5
#231917,7.83,8,7.5,7.75,7.75,7.75,10,10,10,7.83,0,84.42
#510790,7.83,7.75,7.58,7.92,8,7.5,10,10,10,7.75,0,84.33
#237025,7.67,7.83,7.75,7.75,7.83,7.75,10,10,10,7.75,0,84.33
#489089,7.92,7.83,7.75,7.92,7.5,7.67,10,10,10,7.75,0,84.33
#203399,7.83,7.83,7.83,7.83,7.67,7.67,10,10,10,7.67,0,84.33
#955194,7.92,7.92,7.58,7.75,7.58,7.67,10,10,10,7.83,0,84.25
#797284,7.67,7.92,7.67,7.75,7.75,7.75,10,10,10,7.75,0,84.25
#586625,7.67,7.67,7.83,7.83,7.67,7.75,10,10,10,7.83,0,84.25
#918509,8.25,8.25,8.17,8,7.92,8.08,10,10,10,8.08,0,86.75
#781706,7.58,7.92,7.67,7.75,7.83,7.75,10,10,10,7.75,0,84.25
#176177,7.75,7.75,7.58,7.83,7.75,7.75,10,10,10,7.75,0,84.17
#988330,7.92,7.75,7.67,7.75,7.75,8,9.33,10,10,7.92,0,84.08
#882894,7.75,7.67,7.67,7.75,7.75,7.75,10,10,10,7.75,0,84.08
#114041,7.83,7.92,7.83,7.58,7.58,7.67,10,10,10,7.67,0,84.08
#902618,7.67,7.83,7.67,7.83,7.75,7.67,10,10,10,7.67,0,84.08
#605124,7.75,7.58,7.58,7.92,7.67,7.75,10,10,10,7.75,0,84
#932904,7.67,7.92,7.67,7.75,7.67,7.58,10,10,10,7.75,0,84
#119514,7.67,7.83,7.58,7.92,7.67,7.67,10,10,10,7.67,0,84
#529473,7.75,7.75,7.75,7.67,7.75,7.67,10,10,10,7.67,0,84
#740616,8.08,8.08,8.25,8.08,7.92,8,10,10,10,8.25,0,86.67
#791934,8,7.75,7.5,7.67,7.67,7.67,10,10,10,7.75,0,84
#778301,7.58,7.67,7.75,7.75,7.75,7.75,10,10,10,7.75,0,84
#903758,7.83,7.83,7.58,7.67,7.67,7.58,10,10,10,7.75,0,83.92
#820121,7.67,7.92,7.58,7.75,7.67,7.58,10,10,10,7.75,0,83.92
#927000,7.58,7.83,7.58,7.75,7.67,7.75,10,10,10,7.75,0,83.92
#279151,7.75,7.67,7.58,7.75,7.75,7.67,10,10,10,7.75,0,83.92
#187142,7.67,7.92,7.58,7.58,7.58,7.75,10,10,10,7.75,0,83.83
#849802,7.67,7.75,7.67,7.75,7.67,7.67,10,10,10,7.67,0,83.83
#656708,7.83,7.67,7.5,7.92,7.5,7.67,10,10,10,7.75,0,83.83
#858598,7.92,7.75,7.42,7.58,7.92,7.67,10,10,10,7.58,0,83.83
#170699,8.08,8.17,8.08,8.17,8,8,10,10,10,8,0,86.5
1,8.67,8.83,8.67,8.75,8.5,8.42,10,10,10,8.75,,90.58
2,8.75,8.67,8.5,8.58,8.42,8.42,10,10,10,8.58,,89.92
3,8.42,8.5,8.42,8.42,8.33,8.42,10,10,10,9.25,,89.75
4,8.17,8.58,8.42,8.42,8.5,8.25,10,10,10,8.67,,89
5,8.25,8.5,8.25,8.5,8.42,8.33,10,10,10,8.58,,88.83
6,8.58,8.42,8.42,8.5,8.25,8.33,10,10,10,8.33,,88.83
7,8.42,8.5,8.33,8.5,8.25,8.25,10,10,10,8.5,,88.75
8,8.25,8.33,8.5,8.42,8.33,8.5,10,10,9.33,9,,88.67
9,8.67,8.67,8.58,8.42,8.33,8.42,9.33,10,9.33,8.67,,88.42
10,8.08,8.58,8.5,8.5,7.67,8.42,10,10,10,8.5,,88.25
11,8.17,8.67,8.25,8.5,7.75,8.17,10,10,10,8.58,,88.08
12,8.25,8.42,8.17,8.33,8.08,8.17,10,10,10,8.5,,87.92
13,8.08,8.67,8.33,8.42,8,8.08,10,10,10,8.33,,87.92
14,8.33,8.42,8.08,8.25,8.25,8,10,10,10,8.58,,87.92
15,8.25,8.33,8.5,8.25,8.58,8.75,9.33,10,9.33,8.5,,87.83
16,8,8.5,8.58,8.17,8.17,8,10,10,10,8.17,,87.58
17,8.33,8.25,7.83,7.75,8.5,8.42,10,10,10,8.33,,87.42
18,8.17,8.33,8.25,8.33,8.42,8.33,9.33,10,9.33,8.83,,87.33
19,8.42,8.25,8.08,8.17,7.92,8,10,10,10,8.42,,87.25
20,8.17,8.17,8,8.17,8.08,8.33,10,10,10,8.33,,87.25
21,8,8.25,8.08,8.5,8.25,8,10,10,10,8.17,,87.25
22,8.08,8.25,8,8.17,8,8.33,10,10,10,8.33,,87.17
23,8.17,8.25,8.17,8,7.83,8.17,10,10,10,8.58,,87.17
24,8.25,8.33,8.17,8.17,7.83,8.17,10,10,10,8.17,,87.08
25,8.42,8.17,7.92,8.17,8.33,8,10,10,10,8.08,,87.08
26,8.5,8.5,8,8,8,8,10,10,10,7.92,,86.92
27,7.83,8.25,8.08,8.17,8.17,8.17,10,10,10,8.25,,86.92
28,8.42,8.17,8.17,8.17,7.83,7.92,10,10,10,8.17,,86.83
29,8.17,8.08,8.08,8,8.08,8,10,10,10,8.25,,86.67
30,8,8,8,8.25,8,8.17,10,10,10,8.17,,86.58
31,7.92,8.25,8,8.33,8,8.08,10,10,10,8,,86.58
32,8.42,8.17,8.17,8,7.58,8,10,10,10,8.17,,86.5
33,8.5,8.17,8,7.75,8,8,10,10,10,8,,86.42
34,8.17,7.83,8,8.08,7.83,8,10,10,10,8.42,,86.33
35,8,8.08,7.92,8,8.08,8.08,10,10,10,8.08,,86.25
36,8.08,8,8,8.25,7.92,7.92,10,10,10,8.08,,86.25
37,8.08,8.17,8,7.92,7.92,7.83,10,10,10,8.33,,86.25
38,8.25,8.42,8.08,7.75,7.67,7.83,10,10,10,8.25,,86.25
39,7.92,7.75,8.08,8.08,8.08,8.17,10,10,10,8.17,,86.25
40,7.67,8.17,8,8,8.17,8.08,10,10,10,8.08,,86.17
41,7.83,8.33,7.83,8.25,7.58,7.92,10,10,10,8.42,,86.17
42,8.17,7.92,7.92,7.75,8.33,8,10,10,10,8.08,,86.17
43,8.42,7.92,8,7.75,7.92,8,10,10,10,8.17,,86.17
44,8.08,8.17,7.75,8.08,7.75,7.83,10,10,10,8.42,,86.08
45,8.08,8.08,8,8,7.83,8.08,10,10,10,8,,86.08
46,8.33,8,8,8,7.75,8,10,10,10,8,,86.08
47,8.08,8.08,7.83,7.92,8.08,7.92,10,10,10,8.08,,86
48,7.75,7.92,7.83,8.08,8.08,8.17,10,10,10,8.17,,86
49,7.92,8.17,7.83,8.5,7.5,7.92,10,10,10,8.17,,86
50,8.25,8,7.83,8.08,8,7.92,10,10,10,7.92,,86
51,7.75,8.08,8,8.25,8,8,10,10,10,7.92,,86
52,8.33,8.17,7.75,8,7.75,7.83,10,10,10,8.17,,86
53,7.92,8.08,7.92,8.08,8.08,7.83,10,10,10,8,,85.92
54,8.17,8.17,7.92,8.08,7.83,7.75,10,10,10,8,,85.92
55,8,8,8,8.17,7.83,8,10,10,10,7.92,,85.92
56,8,8,7.92,8.08,7.83,8,10,10,10,8,,85.83
57,7.83,8.08,7.92,8.08,8,7.92,10,10,10,8,,85.83
58,7.83,8,8,8.17,7.83,8,10,10,10,8,,85.83
59,8,8,7.83,8.33,7.83,7.83,10,10,10,8,,85.83
60,7.83,8,7.83,8.17,7.92,8,10,10,10,8,,85.75
61,8,8,8,8.08,7.92,7.75,10,10,10,8,,85.75
62,8.33,8.42,7.83,8.33,8,8.25,9.33,9.33,10,7.92,,85.75
63,7.92,8.17,8,7.92,7.75,7.83,10,10,10,8,,85.58
64,7.83,8,8,7.75,7.92,8.17,10,10,10,7.92,,85.58
65,7.83,8,7.92,7.75,8.08,8,10,10,10,8,,85.58
66,8,7.75,7.83,7.83,7.67,8.58,10,10,10,7.83,,85.5
67,7.92,7.92,7.83,8.08,7.83,7.92,10,10,10,8,,85.5
68,7.83,8,7.83,7.92,7.83,8.08,10,10,10,8,,85.5
69,8.33,7.92,7.67,7.92,7.67,7.92,10,10,10,8.08,,85.5
70,8,7.83,7.67,8.33,7.83,8,10,10,10,7.83,,85.5
71,7.75,7.83,7.83,8.17,7.92,7.83,10,10,10,8.08,,85.42
72,8.08,8,7.83,7.67,8,7.83,10,10,10,8,,85.42
73,7.92,7.92,7.75,7.92,7.75,7.92,10,10,10,8.25,,85.42
74,8,8,8,7.67,7.75,8,10,10,10,8,,85.42
75,8.08,7.83,7.83,8.08,7.83,7.83,10,10,10,7.92,,85.42
76,8,8,8,7.83,7.83,7.75,10,10,10,7.92,,85.33
77,7.83,7.75,7.83,7.67,7.83,8.58,10,10,10,7.83,,85.33
78,7.92,8.08,8,7.92,8,8.08,10,10,9.33,8,,85.33
79,8,7.58,7.58,7.67,8.08,8.5,10,10,10,7.92,,85.33
80,7.83,8.08,7.75,8.08,7.92,7.75,10,10,10,7.92,,85.33
81,8,7.92,7.92,8.08,7.83,7.75,10,10,10,7.83,,85.33
82,7.83,7.83,7.92,8.08,7.75,7.83,10,10,10,8.08,,85.33
83,7.92,7.83,7.75,8.33,7.75,7.75,10,10,10,8,,85.33
84,8,7.92,7.75,8,7.92,7.83,10,10,10,7.83,,85.25
85,8.17,7.92,7.83,8,7.58,7.83,10,10,10,7.92,,85.25
86,7.58,8.08,7.92,7.83,8,7.92,10,10,10,7.92,,85.25
87,7.75,7.83,7.67,8,8.08,7.83,10,10,10,8,,85.17
88,8.25,8,7.67,7.92,7.75,7.67,10,10,10,7.92,,85.17
89,7.75,8,7.58,8,8,7.92,10,10,10,7.83,,85.08
90,8.17,7.83,7.58,8.08,8,7.75,10,10,10,7.67,,85.08
91,8.42,8,7.42,8,7.92,7.92,9.33,10,10,8.08,,85.08
92,7.58,7.83,7.83,7.92,7.83,8.17,10,10,10,7.92,,85.08
93,7.83,8,7.75,7.75,7.83,7.83,10,10,10,8.08,,85.08
94,8.08,8.17,7.92,8,8.08,8,9.33,9.33,10,8.17,,85.08
95,7.67,8,7.83,8,7.92,7.83,10,10,10,7.83,,85.08
96,7.5,7.92,8.25,7.83,7.92,7.75,10,10,10,7.92,,85.08
97,8.17,7.92,7.75,7.75,7.67,7.75,10,10,10,8,,85
98,8,7.92,7.75,7.92,7.75,7.83,10,10,10,7.83,,85
99,7.83,8,7.58,7.92,7.92,7.83,10,10,10,7.92,,85
100,7.83,8,7.83,7.75,7.67,7.83,10,10,10,8.08,,85
101,8.17,7.83,7.92,7.75,7.67,7.83,10,10,10,7.83,,85
102,7.75,7.83,7.75,8.08,8,7.75,10,10,10,7.83,,85
103,8,8,7.83,7.83,7.67,7.67,10,10,10,8,,85
104,7.92,8.17,7.75,8.08,7.42,7.83,10,10,10,7.83,,85
105,7.75,7.92,7.75,7.75,8,8,10,10,10,7.83,,85
106,7.83,8.08,7.67,8,7.75,7.67,10,10,10,8,,85
107,7.92,7.92,7.67,7.83,7.92,7.83,10,10,10,7.83,,84.92
108,7.92,7.83,7.75,7.83,7.75,8,10,10,10,7.83,,84.92
109,7.67,7.83,8,7.58,8,7.92,10,10,10,7.92,,84.92
110,8,7.83,7.83,7.92,7.75,7.75,10,10,10,7.83,,84.92
111,7.75,7.92,7.83,7.75,7.75,8,10,10,10,7.92,,84.92
112,7.75,8,7.75,7.83,7.5,7.92,10,10,10,8.17,,84.92
113,8,7.92,7.75,7.75,8,7.75,10,10,10,7.75,,84.92
114,8,8,7.75,8,7.5,7.75,10,10,10,7.92,,84.92
115,8,7.67,7.83,8.17,7.92,7.75,10,10,10,7.58,,84.92
116,7.92,7.58,7.83,7.83,7.83,7.83,10,10,10,8,,84.83
117,7.75,7.92,7.67,7.67,8.25,7.75,10,10,10,7.83,,84.83
118,7.67,7.75,7.75,7.75,7.83,8,10,10,10,8.08,,84.83
119,7.75,7.92,7.83,7.92,7.75,7.67,10,10,10,8,,84.83
120,7.42,7.92,7.92,8,7.83,7.83,10,10,10,7.92,,84.83
121,7.75,7.75,7.75,7.75,8,7.75,10,10,10,8,,84.75
122,7.92,7.83,7.58,7.92,7.75,7.83,10,10,10,7.92,,84.75
123,7.83,7.75,8,7.67,7.67,7.67,10,10,10,8.17,,84.75
124,7.75,8,8,8.33,7.67,7.92,10,10,9.33,7.75,,84.75
125,7.83,7.58,7.58,7.83,7.75,7.67,10,10,10,8.5,,84.75
126,7.83,7.83,7.5,8,7.83,7.67,10,10,10,8,,84.67
127,7.92,7.83,7.75,7.75,7.75,7.75,10,10,10,7.92,,84.67
128,7.75,7.75,7.75,7.42,8.08,7.83,10,10,10,8.08,,84.67
129,8.08,7.75,7.67,7.83,7.5,7.92,10,10,10,7.92,,84.67
130,7.75,7.83,7.58,8,7.92,7.75,10,10,10,7.83,,84.67
131,8.17,8,7.83,7.17,7.83,7.75,10,10,10,7.92,,84.67
132,8.08,7.83,7.75,7.83,7.58,7.67,10,10,10,7.92,,84.67
133,7.67,7.58,7.75,7.75,7.67,8.58,10,10,10,7.67,,84.67
134,8,7.58,7.83,7.75,7.75,7.75,10,10,10,8,,84.67
135,8.08,7.83,7.75,7.83,7.92,8,10,10,9.33,7.92,,84.67
136,8,7.92,7.75,7.75,7.75,7.75,10,10,10,7.75,,84.67
137,7.75,7.83,7.75,7.83,7.75,7.83,10,10,10,7.92,,84.67
138,7.75,7.92,7.83,8,7.58,7.75,10,10,10,7.83,,84.67
139,8,7.83,7.67,7.83,7.67,8,10,10,10,7.67,,84.67
140,7.67,7.83,7.67,8,7.67,7.83,10,10,10,8,,84.67
141,7.83,7.58,7.67,7.92,7.92,7.83,10,10,10,7.92,,84.67
142,7.92,7.83,7.75,7.92,7.67,7.75,10,10,10,7.83,,84.67
143,7.67,7.83,7.75,7.75,7.92,7.83,10,10,10,7.92,,84.67
144,7.42,7.75,7.75,8,8,7.92,10,10,10,7.83,,84.67
145,7.92,7.75,7.83,7.75,7.58,7.92,10,10,10,7.83,,84.58
146,7.83,7.67,7.58,7.92,7.67,7.83,10,10,10,8.08,,84.58
147,7.92,7.83,7.58,8,7.83,7.67,10,10,10,7.75,,84.58
148,7.83,7.83,7.83,7.75,7.58,7.83,10,10,10,7.92,,84.58
149,7.75,7.83,7.67,7.92,7.75,7.83,10,10,10,7.83,,84.58
150,8,7.92,7.67,7.58,7.58,7.67,10,10,10,8.17,,84.58
151,7.67,7.67,7.58,7.75,7.58,8.5,10,10,10,7.83,,84.58
152,7.75,7.75,7.83,7.75,7.58,8,10,10,10,7.92,,84.58
153,7.75,7.75,7.75,8.08,7.75,7.75,10,10,10,7.75,,84.58
154,7.67,7.83,7.83,8,7.58,7.92,10,10,10,7.75,,84.58
155,7.75,7.83,7.75,8,7.83,7.67,10,10,10,7.75,,84.58
156,7.42,7.67,7.75,7.75,8.08,7.83,10,10,10,8.08,,84.58
157,8,8,7.75,7.75,7.58,7.75,10,10,10,7.75,,84.58
158,8.5,8,7.5,7.75,7.5,7.83,10,10,10,7.5,,84.58
159,7.92,7.67,7.92,7.75,7.67,7.58,10,10,10,8,,84.5
160,7.92,7.75,7.67,7.75,7.83,7.75,10,10,10,7.83,,84.5
161,7.75,7.92,7.67,7.83,7.75,7.67,10,10,10,7.92,,84.5
162,7.92,7.83,7.83,7.83,7.58,7.58,10,10,10,7.92,,84.5
163,8.08,7.67,7.83,7.83,7.67,7.67,10,10,10,7.75,,84.5
164,7.67,8,7.75,7.83,7.75,7.58,10,10,10,7.92,,84.5
165,8.17,7.83,7.67,7.83,7.67,7.83,10,10,10,7.5,,84.5
166,7.92,7.83,7.67,8,7.67,7.75,10,10,10,7.67,,84.5
167,8,7.92,7.42,8.08,7.5,7.67,10,10,10,7.92,,84.5
168,7.92,7.83,7.75,7.75,7.75,7.83,10,10,10,7.67,,84.5
169,7.67,8,7.67,8,7.5,7.83,10,10,10,7.83,,84.5
170,7.81,7.81,7.88,7.75,7.38,8.25,9.5,10,10,8.13,,84.5
171,8.17,7.67,7.75,7.75,7.67,7.75,10,10,10,7.75,,84.5
172,7.58,7.83,7.83,8,7.67,7.58,10,10,10,7.92,,84.42
173,7.67,7.67,7.83,7.58,7.83,7.83,10,10,10,8,,84.42
174,7.92,7.83,7.75,7.67,7.92,7.67,10,10,10,7.67,,84.42
175,7.92,7.75,7.67,7.92,7.67,7.75,10,10,10,7.75,,84.42
176,7.83,7.83,7.75,8,7.5,7.75,10,10,10,7.75,,84.42
177,7.92,7.92,7.5,7.83,7.5,7.92,10,10,10,7.83,,84.42
178,7.75,7.92,7.75,7.67,7.83,7.67,10,10,10,7.83,,84.42
179,7.5,7.75,7.83,7.92,7.92,7.75,10,10,10,7.75,,84.42
180,7.33,7.58,7.83,7.75,7.75,7.92,10,10,10,8.17,,84.33
181,7.92,8,7.75,7.67,7.67,7.75,10,10,10,7.58,,84.33
182,7.58,7.75,7.5,7.83,7.67,8.5,10,10,10,7.5,,84.33
183,7.58,7.92,7.58,7.75,7.92,7.75,10,10,10,7.83,,84.33
184,7.67,7.67,7.75,7.83,7.75,7.83,10,10,10,7.83,,84.33
185,7.75,7.67,8,7.67,8.08,7.83,10,10,10,7.33,,84.33
186,7.75,7.58,7.33,7.83,7.58,8.08,10,10,10,8.17,,84.33
187,8,7.75,7.75,7.83,7.5,7.67,10,10,10,7.83,,84.33
188,8.17,8,7.5,7.75,7.5,7.67,10,10,10,7.75,,84.33
189,8,8,7.5,7.5,7.67,7.75,10,10,10,7.92,,84.33
190,7.75,7.75,7.92,7.75,7.5,7.92,10,10,10,7.75,,84.33
191,7.5,7.67,7.75,7.67,7.92,7.92,10,10,10,7.92,,84.33
192,7.92,7.75,7.75,7.67,7.67,7.83,10,10,10,7.67,,84.25
193,7.83,7.75,7.75,7.42,7.83,7.67,10,10,10,8,,84.25
194,7.83,7.58,7.75,7.58,7.67,8,10,10,10,7.83,,84.25
195,7.75,7.75,7.58,7.92,7.75,7.75,10,10,10,7.75,,84.25
196,7.75,7.92,7.5,8.08,7.58,7.67,10,10,10,7.75,,84.25
197,7.83,7.83,7.58,7.75,7.75,7.75,10,10,10,7.75,,84.25
198,7.67,7.67,7.75,7.75,7.67,7.92,10,10,10,7.83,,84.25
199,7.83,7.67,7.75,7.58,7.92,7.75,10,10,10,7.75,,84.25
200,7.83,7.75,7.83,7.58,7.67,7.75,10,10,10,7.83,,84.25
201,7.42,7.67,7.83,7.75,7.92,7.83,10,10,10,7.83,,84.25
202,7.83,7.67,7.75,7.83,7.67,7.67,10,10,10,7.83,,84.25
203,7.83,7.75,7.75,7.75,7.67,7.75,10,10,10,7.75,,84.25
204,7.83,7.83,7.5,7.92,7.58,7.75,10,10,10,7.83,,84.25
205,7.58,7.5,7.75,7.83,7.92,7.83,10,10,10,7.83,,84.25
206,7.33,7.92,7.92,7.92,7.92,8.08,10,10,9.33,7.83,,84.25
207,7.83,7.92,7.67,7.83,7.5,7.75,10,10,10,7.75,,84.25
208,7.83,7.83,7.75,7.67,7.83,7.58,10,10,10,7.75,,84.25
209,7.83,7.92,7.67,7.75,7.5,7.75,10,10,10,7.83,,84.25
210,8.17,7.75,7.58,7.67,7.83,7.58,10,10,10,7.67,,84.25
211,7.75,7.83,7.58,7.83,7.67,7.75,10,10,10,7.75,,84.17
212,7.83,7.75,7.58,7.67,7.75,7.83,10,10,10,7.75,,84.17
213,7.92,7.75,7.67,7.67,7.5,7.67,10,10,10,8,,84.17
214,7.75,7.75,7.58,8,7.67,7.83,10,10,10,7.58,,84.17
215,7.75,7.92,7.58,7.92,7.67,7.67,10,10,10,7.67,,84.17
216,7.58,7.83,7.58,7.83,7.83,7.67,10,10,10,7.83,,84.17
217,8,7.5,7.5,7.67,8,7.83,10,10,10,7.67,,84.17
218,7.67,7.83,7.83,7.5,7.67,7.83,10,10,10,7.83,,84.17
219,7.67,7.75,7.75,7.67,7.83,7.75,10,10,10,7.75,,84.17
220,7.67,7.75,7.67,7.75,7.5,8,10,10,10,7.83,,84.17
221,7.5,7.92,7.58,7.83,7.75,7.83,10,10,10,7.75,,84.17
222,7.92,7.75,7.75,7.75,7.75,7.58,10,10,10,7.67,,84.17
223,7.67,7.5,7.67,7.42,7.83,8.58,10,10,10,7.5,,84.17
224,7.67,7.75,7.67,7.75,7.75,7.75,10,10,10,7.83,,84.17
225,7.58,7.75,7.75,7.75,7.75,7.83,10,10,10,7.75,,84.17
226,7.58,7.83,7.75,7.67,7.67,8,10,10,10,7.67,,84.17
227,7.92,7.75,7.67,7.67,7.83,7.92,10,10,10,7.42,,84.17
228,8.42,8.08,7.5,7.17,7.58,8.17,9.33,10,10,7.92,,84.17
229,7.75,7.75,7.75,7.75,7.83,7.75,10,10,10,7.58,,84.17
230,7.83,7.5,7.5,8,7.83,7.83,10,10,10,7.67,,84.17
231,7.83,7.75,7.5,7.83,7.83,7.75,10,10,10,7.67,,84.17
232,7.81,7.88,7.56,7.75,7.63,7.75,10,10,10,7.75,,84.13
233,7.83,7.5,7.42,7.5,7.83,8.5,10,10,10,7.5,,84.08
234,7.58,7.67,7.67,7.67,7.75,7.83,10,10,10,7.92,,84.08
235,8,7.75,7.5,7.58,7.92,7.67,10,10,10,7.67,,84.08
236,7.92,7.75,7.67,7.75,7.67,7.67,10,10,10,7.67,,84.08
237,7.58,7.75,7.67,8,7.75,7.67,10,10,10,7.67,,84.08
238,7.83,7.75,7.83,7.83,7.42,8.08,9.33,10,10,8,,84.08
239,7.67,7.75,7.67,7.75,7.67,7.75,10,10,10,7.83,,84.08
240,7.92,7.92,7.83,8,7.92,7.92,10,10,8.67,7.92,,84.08
241,7.58,7.75,7.67,7.75,7.83,7.75,10,10,10,7.67,,84
242,7.83,7.75,7.67,7.75,7.33,7.75,10,10,10,7.92,,84
243,7.42,7.83,7.75,7.92,7.75,7.58,10,10,10,7.75,,84
244,7.67,7.83,7.58,7.92,7.75,7.67,10,10,10,7.58,,84
245,7.67,7.67,7.83,7.58,7.58,7.83,10,10,10,7.83,,84
246,7.92,7.67,7.42,7.92,7.75,7.83,10,10,10,7.5,,84
247,7.75,7.83,7.5,7.83,7.58,7.67,10,10,10,7.83,,84
248,7.67,7.75,7.67,7.67,7.67,7.75,10,10,10,7.83,,84
249,7.58,7.42,7.75,7.92,7.75,7.92,10,10,10,7.67,,84
250,7.67,7.67,7.5,7.5,7.67,7.67,10,10,10,8.33,,84
251,7.75,7.75,7.5,7.58,7.67,7.92,10,10,10,7.83,,84
252,7.58,7.83,7.67,7.25,8,7.75,10,10,10,7.92,,84
253,7.67,7.83,7.67,7.75,7.67,7.75,10,10,10,7.67,,84
254,7.67,7.83,7.5,7.75,7.92,7.67,10,10,10,7.67,,84
255,7.92,8.17,8.17,8.42,8.08,8.17,8.67,8.67,9.33,8.42,,84
256,7.67,7.75,7.67,7.75,7.83,7.67,10,10,10,7.67,,84
257,7.92,7.75,7.58,7.67,7.67,7.83,10,10,10,7.58,,84
258,7.58,7.75,7.58,7.75,7.58,7.75,10,10,10,8,,84
259,7.5,7.75,7.58,7.5,7.58,7.5,10,10,10,8.5,,83.92
260,7.83,7.83,7.58,7.92,7.42,7.5,10,10,10,7.83,,83.92
261,7.67,7.75,7.5,7.67,7.67,7.83,10,10,10,7.83,,83.92
262,7.58,7.67,7.67,7.75,7.58,7.83,10,10,10,7.83,,83.92
263,7.83,7.75,7.83,7.75,7.83,7.75,9.33,10,10,7.83,,83.92
264,7.75,7.67,7.5,7.75,7.83,7.75,10,10,10,7.67,,83.92
265,7.75,7.58,7.5,7.83,7.75,7.92,10,10,10,7.58,,83.92
266,7.75,7.75,7.58,7.75,7.75,7.67,10,10,10,7.67,,83.92
267,7.92,7.67,7.5,7.83,7.58,7.67,10,10,10,7.75,,83.92
268,7.83,7.75,7.58,7.58,7.75,7.75,10,10,10,7.67,,83.92
269,7.75,7.58,7.67,7.83,7.83,7.67,10,10,10,7.58,,83.92
270,8,7.92,7.92,7.92,7.67,7.33,10,10,10,7.17,,83.92
271,7.67,7.83,7.67,7.75,7.67,7.83,10,10,10,7.5,,83.92
272,7.67,7.75,7.58,7.67,7.75,7.83,10,10,10,7.67,,83.92
273,7.5,7.67,7.58,7.83,7.75,7.75,10,10,10,7.83,,83.92
274,7.75,7.92,7.83,7.92,7.75,7.67,9.33,10,10,7.75,,83.92
275,7.92,7.58,7.5,7.83,7.58,7.67,10,10,10,7.75,,83.83
276,7.83,7.67,7.5,7.75,7.75,7.75,10,10,10,7.58,,83.83
277,7.67,7.67,7.75,7.67,7.5,7.75,10,10,10,7.83,,83.83
278,7.75,7.75,7.5,7.75,7.83,7.58,10,10,10,7.67,,83.83
279,7.75,7.67,7.5,7.75,7.75,7.67,10,10,10,7.75,,83.83
280,7.25,7.58,7.42,8,7.75,7.83,10,10,10,8,,83.83
281,7.67,7.75,7.67,7.75,7.42,7.75,10,10,10,7.83,,83.83
282,7.75,7.75,7.67,7.67,7.58,7.67,10,10,10,7.75,,83.83
283,7.67,7.67,7.58,7.5,7.83,8.17,10,10,9.33,8.08,,83.83
284,7.83,7.42,7.5,7.83,7.75,7.83,10,10,10,7.67,,83.83
285,7.58,7.83,7.33,8,7.58,7.75,10,10,10,7.75,,83.83
286,7.92,7.5,7.33,7.67,8.17,7.5,10,10,10,7.75,,83.83
287,7.5,7.67,7.58,7.75,7.83,7.83,10,10,10,7.67,,83.83
288,7.67,7.58,7.58,7.83,7.58,7.67,10,10,10,7.92,,83.83
289,7.5,7.83,7.5,7.83,7.83,7.67,10,10,10,7.67,,83.83
290,7.67,8,7.67,7.42,7.67,7.5,10,10,10,7.92,,83.83
291,7.67,7.58,7.5,7.75,7.75,7.75,10,10,10,7.83,,83.83
292,7.83,7.83,7.58,7.67,7.5,7.58,10,10,10,7.83,,83.83
293,7.75,7.75,7.58,8,7.67,7.58,10,10,10,7.5,,83.83
294,7.5,7.83,7.58,7.58,7.75,7.83,10,10,10,7.75,,83.83
295,7.58,7.83,7.58,8,7.83,7.5,10,10,10,7.5,,83.83
296,7.75,7.58,7.5,7.58,7.75,7.75,10,10,10,7.83,,83.75
297,7.67,7.67,7.58,7.75,7.67,7.67,10,10,10,7.75,,83.75
298,7.83,7.83,7.58,7.58,7.58,7.58,10,10,10,7.75,,83.75
299,7.67,7.67,7.58,7.58,7.67,7.83,10,10,10,7.75,,83.75
300,7.92,7.75,7.5,7.67,7.75,7.5,10,10,10,7.67,,83.75
301,7.83,7.75,7.67,7.5,7.58,7.67,10,10,10,7.75,,83.75
302,7.75,7.67,7.5,7.67,7.58,7.83,10,10,10,7.75,,83.75
303,8,7.92,7.58,7.75,7.33,7.5,10,10,10,7.67,,83.75
304,7.83,7.83,7.83,7.67,8,8.17,9.33,9.33,10,7.75,,83.75
305,7.67,7.67,7.67,7.92,7.5,7.67,10,10,10,7.67,,83.75
306,7.67,7.42,7.42,7.42,8,8.33,10,10,10,7.5,,83.75
307,7.58,7.67,7.75,7.67,7.67,7.67,10,10,10,7.75,,83.75
308,7.75,7.67,7.75,7.58,7.42,8,10,10,10,7.58,,83.75
309,7.25,7.42,7.67,7.58,7.83,8.25,10,10,10,7.75,,83.75
310,7.83,7.58,7.58,7.5,7.75,7.67,10,10,10,7.83,,83.75
311,7.67,7.58,7.58,7.67,7.75,7.75,10,10,10,7.75,,83.75
312,7.83,7.83,7.58,7.33,7.42,7.67,10,10,10,8.08,,83.75
313,7.75,7.67,7.25,7.25,7.58,8.5,10,10,10,7.75,,83.75
314,7.83,7.67,7.75,7.67,7.58,7.5,10,10,10,7.75,,83.75
315,7.67,7.83,7.5,7.67,7.67,7.5,10,10,10,7.83,,83.67
316,8.08,7.67,7.67,7.58,7.25,7.67,10,10,10,7.75,,83.67
317,7.5,7.5,7.67,7.67,8,8,10,10,10,7.33,,83.67
318,7.67,7.75,7.67,7.67,7.83,7.58,10,10,10,7.5,,83.67
319,7.58,7.75,7.58,7.75,7.58,7.58,10,10,10,7.83,,83.67
320,7.5,7.67,7.33,7.92,7.83,7.67,10,10,10,7.75,,83.67
321,7.33,7.67,7.67,7.5,7.67,7.5,10,10,10,8.33,,83.67
322,7.5,7.75,7.58,7.83,7.67,7.58,10,10,10,7.75,,83.67
323,7.5,7.75,7.5,7.75,7.67,7.67,10,10,10,7.83,,83.67
324,8,7.5,7.33,8,8,8,9.33,10,10,7.5,,83.67
325,7.83,7.75,7.67,7.58,7.58,7.67,10,10,10,7.58,,83.67
326,7.67,7.67,7.67,7.67,7.33,7.75,10,10,10,7.92,,83.67
327,7.67,7.67,7.42,7.67,8,7.75,10,10,10,7.5,,83.67
328,7.83,7.67,7.33,7.67,7.67,7.83,10,10,10,7.67,,83.67
329,7.75,7.75,7.58,7.83,7.17,7.75,10,10,10,7.83,,83.67
330,8.17,8.17,7.83,7.67,8.08,7.75,9.33,9.33,9.33,8,,83.67
331,7.67,8.17,7.5,7.42,7.58,7.83,10,10,10,7.5,,83.67
332,7.67,7.5,7.5,7.33,7.83,8.25,10,10,10,7.58,,83.67
333,8.17,7.67,7.58,7.58,7.42,7.67,10,10,10,7.58,,83.67
334,7.67,7.5,7.33,8,7.67,7.67,10,10,10,7.83,,83.67
335,7.75,8,7.92,8.08,7.75,8,9.33,9.33,9.33,8.17,,83.67
336,7.58,7.67,7.58,7.58,7.67,7.58,10,10,10,7.92,,83.58
337,7.75,7.75,7.5,7.83,7.58,7.58,10,10,10,7.58,,83.58
338,7.75,7.75,7.58,7.58,7.67,7.58,10,10,10,7.67,,83.58
339,7.67,7.58,7.58,7.58,7.67,7.75,10,10,10,7.75,,83.58
340,7.67,7.75,7.58,7.67,7.75,7.58,10,10,10,7.58,,83.58
341,7.75,7.75,7.58,7.58,7.5,7.67,10,10,10,7.75,,83.58
342,7.75,7.67,7.58,7.67,7.5,7.67,10,10,10,7.75,,83.58
343,7.67,7.67,7.42,7.75,7.75,7.67,10,10,10,7.67,,83.58
344,7.67,7.58,7.67,7.67,7.67,7.67,10,10,10,7.67,,83.58
345,7.67,7.58,7.67,7.58,7.67,7.75,10,10,10,7.67,,83.58
346,7.75,7.58,7.5,7.58,7.75,7.83,10,10,10,7.58,,83.58
347,7.75,7.75,7.75,7.75,7.5,7.58,10,10,10,7.5,,83.58
348,7.67,7.67,7.58,7.67,7.75,7.58,10,10,10,7.67,,83.58
349,7.83,7.67,7.58,7.58,7.67,7.58,10,10,10,7.67,,83.58
350,7.67,7.58,7.58,7.58,7.67,7.75,10,10,10,7.75,,83.58
351,7.83,7.75,7.5,7.75,7.5,7.58,10,10,10,7.67,,83.58
352,7.75,7.58,7.58,7.75,7.75,7.5,10,10,10,7.58,,83.5
353,7.58,7.58,7.17,7.17,7,7,10,10,10,10,,83.5
354,7.92,7.42,7.5,7.67,7.5,7.67,10,10,10,7.83,,83.5
355,7.75,7.58,7.58,7.5,7.75,7.75,10,10,10,7.58,,83.5
356,7.67,7.75,7.5,7.83,7.58,7.58,10,10,10,7.58,,83.5
357,7.58,7.58,7.58,7.58,7.75,7.67,10,10,10,7.75,,83.5
358,7.75,7.67,7.58,7.67,7.67,7.58,10,10,10,7.58,,83.5
359,7.25,7.67,7.58,7.92,7.83,7.58,10,10,10,7.67,,83.5
360,7.67,7.75,7.5,7.58,7.75,7.67,10,10,10,7.58,,83.5
361,7.67,7.42,7.67,7.83,7.58,7.67,10,10,10,7.67,,83.5
362,8,7.58,7.25,7.58,7.92,7.58,10,10,10,7.58,,83.5
363,7.58,7.75,7.5,7.83,7.42,7.67,10,10,10,7.75,,83.5
364,7.75,7.58,7.33,7.5,7.83,7.83,10,10,10,7.67,,83.5
365,7.67,7.5,7.67,7.5,7.67,7.67,10,10,10,7.83,,83.5
366,7.58,7.75,7.42,7.67,7.75,7.67,10,10,10,7.67,,83.5
367,7.58,7.67,7.58,7.75,7.58,7.75,10,10,10,7.58,,83.5
368,7.83,7.58,7.25,7.5,7.5,7.42,10,10,10,8.42,,83.5
369,7.67,7.75,7.67,7.75,7.58,7.5,10,10,10,7.58,,83.5
370,7.75,7.67,7.67,7.75,7.33,7.5,10,10,10,7.83,,83.5
371,7.83,7.5,7.5,8,7.67,7.5,10,10,10,7.5,,83.5
372,7.67,7.58,7.58,7.67,7.67,7.67,10,10,10,7.67,,83.5
373,7.5,7.5,7.75,7.5,8,7.67,10,10,10,7.58,,83.5
374,7.5,7.67,7.58,7.92,7.58,7.67,10,10,10,7.58,,83.5
375,7.83,7.58,7.58,7.58,7.75,7.58,10,10,10,7.58,,83.5
376,7.5,7.58,7.58,7.5,7.75,7.83,10,10,10,7.67,,83.42
377,7.67,7.75,7.5,7.58,7.58,7.67,10,10,10,7.67,,83.42
378,7.67,7.67,7.5,7.67,7.67,7.58,10,10,10,7.67,,83.42
379,7.58,7.5,7.42,7.92,7.5,7.67,10,10,10,7.83,,83.42
380,7.67,7.67,7,7.08,7,7,10,10,10,10,,83.42
381,7.58,7.75,7.33,7.75,7.67,7.58,10,10,10,7.75,,83.42
382,7.5,7.58,7.75,7.5,7.75,7.67,10,10,10,7.67,,83.42
383,7.58,7.5,7.75,7.58,7.75,7.67,10,10,10,7.58,,83.42
384,7.58,7.67,7.58,7.67,7.58,7.67,10,10,10,7.67,,83.42
385,7.33,7.83,7.75,7.5,7.42,7.83,10,10,10,7.75,,83.42
386,7.75,7.67,7.58,7.67,7.58,7.58,10,10,10,7.58,,83.42
387,7.58,7.58,7.25,7.75,7.75,8.58,9.33,10,10,7.58,,83.42
388,7.75,7.83,7.33,7.83,7.5,7.67,10,10,10,7.5,,83.42
389,7.67,7.75,7.5,7.83,7.58,7.5,10,10,10,7.58,,83.42
390,7.67,7.5,7.75,7.42,7.75,7.75,10,10,10,7.58,,83.42
391,7.42,7.75,7.67,7.58,7.67,7.67,10,10,10,7.67,,83.42
392,7.5,7.75,7.58,7.5,7.67,7.75,10,10,10,7.67,,83.42
393,7.58,7.58,7.58,7.67,7.75,7.67,10,10,10,7.58,,83.42
394,7.5,7.92,7.42,7.67,7.83,7.58,10,10,10,7.5,,83.42
395,7.58,7.25,7.5,7.92,7.92,7.42,10,10,10,7.83,,83.42
396,7.25,7.88,7.38,7.63,7.5,8.75,9,10,10,8,,83.38
397,7.75,7.5,7.75,7.58,7.58,7.58,10,10,10,7.58,,83.33
398,7.67,7.58,7.58,7.42,7.67,7.75,10,10,10,7.67,,83.33
399,7.83,7.58,7.58,7.58,7.5,7.58,10,10,10,7.67,,83.33
400,7.5,7.83,7.33,7.58,7.58,7.92,10,10,10,7.58,,83.33
401,7.75,7.75,7.5,7.67,7.5,7.58,10,10,10,7.58,,83.33
402,7.67,7.75,7.42,7.83,7.83,7.42,10,10,10,7.42,,83.33
403,7.75,7.58,7.67,7.58,7.58,7.58,10,10,10,7.58,,83.33
404,7.67,7.67,7.58,7.67,7.5,7.58,10,10,10,7.67,,83.33
405,7.67,7.67,7.42,7.67,7.67,7.67,10,10,10,7.58,,83.33
406,7.83,7.58,7.83,7.67,7.92,8,9.33,10,9.33,7.83,,83.33
407,7.5,7.67,7.67,7.5,7.83,7.17,10,10,10,8,,83.33
408,7.83,7.75,7.58,7.83,7.92,7.58,9.33,10,10,7.5,,83.33
409,7.58,7.5,7.67,7.5,7.83,7.42,10,10,10,7.83,,83.33
410,7.67,7.67,7.5,7.67,7.92,7.42,10,10,10,7.5,,83.33
411,7.83,7.67,7.17,7.67,7.67,7.67,10,10,10,7.67,,83.33
412,7.92,7.5,7.58,7.83,7.67,7.67,9.33,10,10,7.83,,83.33
413,7.75,7.67,7.33,7.5,7.5,7.75,10,10,10,7.83,,83.33
414,7.5,7.67,7.67,7.58,7.67,7.58,10,10,10,7.67,,83.33
415,8.08,7.83,7.83,7.75,7.67,7.58,9.33,10,9.33,7.92,,83.33
416,7.58,7.67,7.58,7.5,7.83,7.67,10,10,10,7.5,,83.33
417,7.67,7.83,7.42,7.83,7.33,7.5,10,10,10,7.67,,83.25
418,7.5,7.5,7.83,7.5,7.67,7.67,10,10,10,7.58,,83.25
419,7.83,7.5,7.42,7.67,7.5,7.67,10,10,10,7.67,,83.25
420,7.5,7.58,7.42,7.83,7.67,7.58,10,10,10,7.67,,83.25
421,7.5,7.67,7.67,7.42,7.67,7.67,10,10,10,7.67,,83.25
422,7.58,7.67,7.42,7.5,7.67,7.42,10,10,10,8,,83.25
423,7.58,7.67,7.67,7.17,7.75,7.83,10,10,10,7.58,,83.25
424,7.83,7.75,7.5,7.58,7.58,7.58,10,10,10,7.42,,83.25
425,7.67,7.5,7.5,7.5,7.67,7.83,10,10,10,7.58,,83.25
426,7.92,7.83,7.75,7.58,7.5,7.33,10,10,10,7.33,,83.25
427,7.58,7.58,7.5,7.58,7.58,7.75,10,10,10,7.67,,83.25
428,7.5,7.67,7.58,7.67,7.67,7.5,10,10,10,7.67,,83.25
429,7.83,7.5,7.67,7.33,7.67,7.67,10,10,10,7.58,,83.25
430,7.58,7.75,7.5,7.5,7.58,7.58,10,10,10,7.75,,83.25
431,7.58,7.75,7.83,8,8.08,7.67,9.33,10,9.33,7.67,,83.25
432,7.75,7.58,7.58,7.58,7.5,7.58,10,10,10,7.67,,83.25
433,7.75,7.75,7.42,7.92,7.33,7.5,10,10,10,7.58,,83.25
434,7.83,7.58,7.08,7.83,7.42,8.08,10,10,10,7.42,,83.25
435,7.75,7.67,7.5,7.58,7.58,7.58,10,10,10,7.58,,83.25
436,7.67,7.58,7.58,7.42,7.83,7.58,10,10,10,7.58,,83.25
437,7.67,7.67,7.5,7.5,7.58,7.67,10,10,10,7.67,,83.25
438,7.92,7.75,7.25,7.42,7.83,7.58,10,10,10,7.5,,83.25
439,8,7.67,7.67,7.25,7.67,7.5,10,10,10,7.5,,83.25
440,7.92,7.75,7.5,7.42,7.42,7.67,10,10,10,7.58,,83.25
441,7.67,7.42,7.5,7.58,7.67,7.58,10,10,10,7.75,,83.17
442,7.58,7.58,7.33,7.67,7.75,7.58,10,10,10,7.67,,83.17
443,7.67,7.58,7.42,7.67,7.67,7.58,10,10,10,7.58,,83.17
444,7.92,7.5,7.5,7.58,7.67,7.5,10,10,10,7.5,,83.17
445,7.58,7.42,7.08,7.33,7.58,8.58,10,10,10,7.58,,83.17
446,7.67,7.75,7.42,7.75,7.58,7.5,10,10,10,7.5,,83.17
447,7.67,7.67,7.5,7.67,7.5,7.67,10,10,10,7.5,,83.17
448,7.5,7.67,7.33,7.67,7.67,7.67,10,10,10,7.67,,83.17
449,7.67,7.67,7.5,7.67,7.42,7.58,10,10,10,7.67,,83.17
450,7.5,7.5,7.33,7.67,8,7.67,10,10,10,7.5,,83.17
451,7.5,7.75,7.5,7.83,7.58,7.5,10,10,10,7.5,,83.17
452,7.92,7.67,7.42,7.75,7.5,7.5,10,10,10,7.42,,83.17
453,7.83,7.75,7.67,7.75,7.83,8.5,9.33,9.33,9.33,7.83,,83.17
454,7.67,7.58,7.58,7.75,7.42,7.67,10,10,10,7.5,,83.17
455,7.58,7.67,7.67,7.58,7.42,7.58,10,10,10,7.67,,83.17
456,7.58,7.5,7.5,7.67,7.5,7.67,10,10,10,7.75,,83.17
457,8,7.67,7.5,7.42,7.33,7.58,10,10,10,7.67,,83.17
458,7.58,7.75,7.5,7.58,7.58,7.58,10,10,10,7.58,,83.17
459,7.5,7.5,7.5,7.67,7.67,7.67,10,10,10,7.67,,83.17
460,7.67,7.67,7.5,7.67,7.5,7.67,10,10,10,7.5,,83.17
461,7.33,7.83,7.17,8.17,7.33,7.67,10,10,10,7.67,,83.17
462,7.5,7.5,7.58,7.42,7.92,7.67,10,10,10,7.58,,83.17
463,7.58,7.5,7.58,7.75,7.58,7.58,10,10,10,7.58,,83.17
464,7.67,7.83,7.33,7.67,7.5,7.67,10,10,10,7.5,,83.17
465,7.75,7.58,7.58,7.58,7.5,7.42,10,10,10,7.75,,83.17
466,7.75,7.67,7.58,7.5,7.42,7.58,10,10,10,7.67,,83.17
467,7.58,7.75,7.42,7.67,7.5,7.58,10,10,10,7.67,,83.17
468,7.67,7.5,7.5,7.5,7.58,8.17,10,10,10,7.25,,83.17
469,7.75,7.5,7.42,7.75,7.58,7.58,10,10,10,7.58,,83.17
470,7.58,7.67,7.5,7.58,7.67,7.67,10,10,10,7.5,,83.17
471,7.5,7.75,7.58,7.58,7.67,7.5,10,10,10,7.58,,83.17
472,7.75,7.67,7.58,7.5,7.58,7.58,10,10,10,7.5,,83.17
473,7.92,7.58,7.5,7.58,7.42,7.5,10,10,10,7.67,,83.17
474,7.75,7.5,7.67,7.5,7.92,8,10,10,9.33,7.5,,83.17
475,7.75,7.5,7.58,7.5,7.75,7.5,10,10,10,7.58,,83.17
476,7.58,7.75,7.67,7.5,7.67,7.58,10,10,10,7.42,,83.17
477,7.42,7.83,8.17,8.08,7.17,7.58,10,9.33,10,7.58,,83.17
478,7.75,8,7.67,8.08,7.83,7.92,9.33,9.33,9.33,7.92,,83.17
479,7.58,7.67,7.33,7.67,7.75,7.58,10,10,10,7.5,,83.08
480,7.75,7.5,7.5,7.42,8,7.75,10,10,10,7.17,,83.08
481,7.58,7.58,7.58,7.5,7.67,7.58,10,10,10,7.58,,83.08
482,7.33,7.67,7.67,7.33,7.75,7.42,10,10,10,7.92,,83.08
483,7.83,7.92,7.5,7.83,7.67,7.25,9.33,10,10,7.75,,83.08
484,7.42,7.67,7.58,7.5,7.75,7.67,10,10,10,7.5,,83.08
485,7.58,7.83,7.67,7.42,7.42,7.5,10,10,10,7.67,,83.08
486,7.83,7.33,7.5,7.67,7.58,7.67,10,10,10,7.5,,83.08
487,7.33,7.75,7.58,7.33,7.83,7.67,10,10,10,7.58,,83.08
488,7.75,7.75,7.5,7.5,7.5,7.5,10,10,10,7.58,,83.08
489,7.83,7.83,7.33,7.17,7.75,7.67,10,10,10,7.5,,83.08
490,7.75,7.67,7.42,7.75,7.5,7.5,10,10,10,7.5,,83.08
491,7.67,7.58,7.5,7.67,7.92,8,9.33,9.33,10,8.08,,83.08
492,7.33,7.58,7.58,7.92,7.67,7.58,10,10,10,7.42,,83.08
493,7.33,7.33,7.33,7.58,7.25,8.08,10,10,10,8.17,,83.08
494,7.83,7.75,7.33,7.25,7.42,7.92,10,10,10,7.58,,83.08
495,7.67,7.58,7.5,7.58,7.67,7.58,10,10,10,7.5,,83.08
496,7.92,7.67,7.67,7.25,7.83,7.67,9.33,10,10,7.75,,83.08
497,7.58,7.5,7.5,7.75,7.67,7.5,10,10,10,7.5,,83
498,7.5,7.58,7.58,7.67,7.58,7.5,10,10,10,7.58,,83
499,7.5,7.67,7.58,7.67,7.58,7.42,10,10,10,7.58,,83
500,7.67,7.58,7.42,7.42,7.83,7.5,10,10,10,7.58,,83
501,7.67,7.67,7.5,7.58,7.42,7.5,10,10,10,7.67,,83
502,7.67,7.67,7.33,7.67,7.5,7.58,10,10,10,7.58,,83
503,7.75,7.67,7.58,7.58,7.42,7.67,9.33,10,10,8,,83
504,7.67,7.75,7.33,7.92,7.42,7.5,10,10,10,7.42,,83
505,7.75,7.67,7.33,7.75,7.5,7.42,10,10,10,7.58,,83
506,7.83,7.67,7.25,7.67,7.75,7.5,10,10,10,7.33,,83
507,7.67,7.67,7.67,7.5,7.42,7.5,10,10,10,7.58,,83
508,7.92,7.92,7.83,7.58,7.33,7.25,10,10,10,7.17,,83
509,7.83,7.58,7.5,7.5,7.58,7.5,10,10,10,7.5,,83
510,7.67,7.5,7.67,7.83,7.75,7.83,10,10,9.33,7.42,,83
511,7.67,7.67,7.42,7.83,7.5,7.5,10,10,10,7.42,,83
512,7.67,7.58,7.5,7.58,7.5,7.5,10,10,10,7.67,,83
513,7.75,7.58,7.42,7.67,7.42,7.67,10,10,10,7.5,,83
514,7.75,7.42,7.33,7.5,7.58,7.17,10,10,10,8.25,,83
515,7.83,7.5,7.58,7.33,7.5,7.67,10,10,10,7.58,,83
516,7.33,7.67,7.75,7.42,7.75,7.58,10,10,10,7.5,,83
517,7.58,7.75,7.42,7.67,7.58,7.42,10,10,10,7.58,,83
518,7.5,7.5,7.42,7.58,7.75,7.58,10,10,10,7.67,,83
519,7.67,7.58,7.42,7.5,7.67,7.58,10,10,10,7.58,,83
520,7.67,7.83,7.5,7.58,7.58,7.67,9.33,10,10,7.83,,83
521,7.5,7.67,7.5,7.5,7.58,7.58,10,10,10,7.67,,83
522,7.67,7.58,7.5,7.5,7.75,7.5,10,10,10,7.5,,83
523,7.75,7.58,7.5,7.67,7.83,7.75,9.33,10,10,7.58,,83
524,7.67,7.58,7.58,7.58,7.67,7.42,10,10,10,7.5,,83
525,7.5,7.67,7.5,7.67,7.5,7.83,10,10,10,7.33,,83
526,7.67,7.67,7.58,7.5,7.67,7.42,10,10,10,7.5,,83
527,7.33,7.67,7.58,7.5,7.75,7.67,10,10,10,7.5,,83
528,7.33,7.67,7.58,7.33,7.58,7.92,10,10,10,7.58,,83
529,7.83,7.83,7.67,7.83,7.92,7.83,9.33,9.33,9.33,8.08,,83
530,7.5,7.58,7.42,7.58,7.58,7.67,10,10,10,7.67,,83
531,7.5,7.58,7.67,7.67,7.58,7.58,10,10,10,7.42,,83
532,7.58,7.83,7.75,7.92,7.92,8.08,9.33,9.33,9.33,7.92,,83
533,7.5,7.25,7.42,7.75,8.17,7.5,10,10,10,7.42,,83
534,7.67,7.58,7.5,7.58,7.58,7.5,10,10,10,7.5,,82.92
535,7.5,7.5,7.75,7.58,7.92,7.83,10,10,9.33,7.5,,82.92
536,7.58,7.67,7.5,7.33,7.67,7.58,10,10,10,7.58,,82.92
537,7.17,7.83,7.25,7.67,7.67,7.58,10,10,10,7.75,,82.92
538,7.58,7.58,7.5,7.5,7.58,7.58,10,10,10,7.58,,82.92
539,7.5,7.58,7.67,7.33,7.5,7.75,10,10,10,7.58,,82.92
540,7.58,7.58,7.67,7.58,7.5,7.5,10,10,10,7.5,,82.92
541,8.08,7.5,7.67,7.42,7.33,7.5,10,10,10,7.42,,82.92
542,7.83,7.67,7.25,7.58,7.5,7.5,10,10,10,7.58,,82.92
543,7.75,7.67,7.42,7.42,7.75,7.5,10,10,10,7.42,,82.92
544,7.08,7.5,7.5,7.83,7.75,7.67,10,10,10,7.58,,82.92
545,8,7.5,7.5,7.58,7.33,7.42,10,10,10,7.58,,82.92
546,7.75,7.58,7.58,7.5,7.5,7.5,10,10,10,7.5,,82.92
547,7.75,7.5,7.42,7.58,7.67,7.5,10,10,10,7.5,,82.92
548,7.67,7.83,7.42,7.5,7.33,7.5,10,10,10,7.67,,82.92
549,7.58,7.58,7.25,7.58,7.58,7.58,10,10,10,7.75,,82.92
550,7.58,7.5,7.75,7.33,7.58,7.58,10,10,10,7.58,,82.92
551,7.75,7.5,7.25,7.5,7.75,7.5,10,10,10,7.67,,82.92
552,7.83,7.75,7.25,7.92,7.5,7.17,10,10,10,7.5,,82.92
553,7.83,7.67,7.42,7.42,7.5,7.58,10,10,10,7.5,,82.92
554,7.58,7.58,7.33,7.25,7.58,7.75,10,10,10,7.83,,82.92
555,7.67,7.33,7.17,7.58,8.08,7.42,10,10,10,7.67,,82.92
556,8,7.92,7.67,7.17,7.67,7.42,9.33,10,10,7.75,,82.92
557,7.5,7.5,7.5,7.42,7.67,7.83,10,10,10,7.5,,82.92
558,7.5,7.75,7.33,7.75,7.08,7.83,10,10,10,7.67,,82.92
559,7.42,7.58,7.5,7.17,7.5,8,10,10,10,7.75,,82.92
560,7.75,7.58,7.42,7.58,7.5,7.5,10,10,10,7.5,,82.83
561,7.5,7.58,7.33,7.67,7.58,7.58,10,10,10,7.58,,82.83
562,7.67,7.58,7.58,7.5,7.5,7.42,10,10,10,7.58,,82.83
563,7.33,7.67,7.67,7.83,7.33,7.67,10,10,10,7.33,,82.83
564,7.83,7.92,7.75,7.83,7.75,7.75,9.33,9.33,9.33,8,,82.83
565,7.25,7.58,7.5,7.42,7.75,7.42,10,10,10,7.92,,82.83
566,7.58,7.58,7.33,7.67,7.67,7.5,10,10,10,7.5,,82.83
567,7.58,7.83,7.33,7.67,7.42,7.33,10,10,10,7.67,,82.83
568,7.83,7.67,7.5,7.58,7.5,7.67,10,10,10,7.08,,82.83
569,7.42,7.58,7.25,7.5,7.75,7.75,10,10,10,7.58,,82.83
570,7.67,7.67,7.75,7.67,7.42,7.17,10,10,10,7.5,,82.83
571,7.5,7.42,7.58,7.5,7.58,7.58,10,10,10,7.67,,82.83
572,7.83,7.5,7.5,7.42,7.5,7.5,10,10,10,7.58,,82.83
573,7.67,7.5,7.33,7.25,7.58,7.75,10,10,10,7.75,,82.83
574,7.58,7.67,7.5,7.58,7.5,7.5,10,10,10,7.5,,82.83
575,7.67,7.58,7.42,7.75,7.42,7.42,10,10,10,7.58,,82.83
576,7.67,7.67,7.33,7.5,7.33,7.92,10,10,10,7.42,,82.83
577,7.58,7.58,7.5,7.42,7.67,7.58,10,10,10,7.5,,82.83
578,7.75,7.58,7.75,7.75,7.25,7.5,10,10,10,7.25,,82.83
579,7.5,7.58,7.42,7.67,7.58,7.5,10,10,10,7.5,,82.75
580,7.58,7.67,7.5,7.58,7.5,7.42,10,10,10,7.5,,82.75
581,7.5,7.67,7.17,7.67,7.67,7.58,10,10,10,7.5,,82.75
582,7.5,7.5,7.42,7.58,7.67,7.5,10,10,10,7.58,,82.75
583,7.42,7.58,7.42,7.67,7.5,7.5,10,10,10,7.67,,82.75
584,7.5,7.58,7.42,7.58,7.58,7.5,10,10,10,7.58,,82.75
585,7.58,7.58,7.33,7.58,7.33,7.67,10,10,10,7.67,,82.75
586,7.83,7.67,7.33,7.67,7.58,7.67,9.33,10,10,7.67,,82.75
587,7.67,7.67,7.17,7.33,7.58,7.67,10,10,10,7.67,,82.75
588,7.58,7.5,7.42,7.67,7.42,7.5,10,10,10,7.67,,82.75
589,7.58,7.5,7.42,7.58,7.5,7.5,10,10,10,7.67,,82.75
590,7.5,7.5,7.58,7.5,7.58,7.58,10,10,10,7.5,,82.75
591,7.67,7.5,7.33,7.33,7.67,7.67,10,10,10,7.58,,82.75
592,7.5,7.67,7.42,7.67,7.5,7.5,10,10,10,7.5,,82.75
593,7.5,7.58,7.58,7.75,7.33,7.5,10,10,10,7.5,,82.75
594,7.75,7.58,7.42,7.5,7.33,7.5,10,10,10,7.67,,82.75
595,7.75,7.42,7.25,7.75,7.5,7.67,10,10,10,7.42,,82.75
596,7.67,7.42,7.42,7.58,7.33,7.67,10,10,10,7.67,,82.75
597,7.67,7.58,7.42,7.83,7.33,7.5,10,10,10,7.42,,82.75
598,7.58,7.83,7.75,7.75,7.42,8,9.33,9.33,10,7.75,,82.75
599,7.58,7.33,7.17,7.33,7.25,8.58,10,10,10,7.5,,82.75
600,7.58,7.58,7.5,7.5,7.5,7.5,10,10,10,7.58,,82.75
601,7.58,7.58,7.33,7.75,7.25,7.58,10,10,10,7.67,,82.75
602,8.08,8.17,8,8,7.83,7.92,6.67,10,10,8.08,,82.75
603,7.5,7.58,7.42,7.67,7.5,7.58,10,10,10,7.5,,82.75
604,7.67,7.58,7.58,7.58,7.5,7.42,10,10,10,7.42,,82.75
605,7.25,7.75,7.5,7.83,7.67,7.67,9.33,10,10,7.75,,82.75
606,7.42,7.42,7.5,7.58,7.5,7.75,10,10,10,7.58,,82.75
607,7.75,7.67,7.5,7.83,7.17,7.42,10,10,10,7.42,,82.75
608,7.5,7.58,7.25,7.75,7.58,7.5,10,10,10,7.5,,82.67
609,7.5,7.58,7.5,7.67,7.5,7.42,10,10,10,7.5,,82.67
610,7.67,7.67,7.42,7.42,7.42,7.5,10,10,10,7.58,,82.67
611,7.67,7.67,7.67,7.67,7.5,7.67,10,10,9.33,7.5,,82.67
612,7.5,7.67,7.42,7.75,7.42,7.17,10,10,10,7.75,,82.67
613,7.75,7.5,7.33,7.58,7.33,7.75,10,10,10,7.42,,82.67
614,7.58,7.5,7.42,7.67,7.5,7.5,10,10,10,7.5,,82.67
615,7.33,7.5,7.58,7.58,7.67,7.5,10,10,10,7.5,,82.67
616,7.5,7.5,7.5,7.5,7.5,7.58,10,10,10,7.58,,82.67
617,7.58,7.5,7.5,7.58,7.33,7.58,10,10,10,7.58,,82.67
618,8,7.83,7.83,7.42,7.25,7.25,10,10,10,7.08,,82.67
619,7.67,7.58,7.42,7.5,7.42,7.5,10,10,10,7.58,,82.67
620,7.67,7.5,7.33,7.67,7.5,7.5,10,10,10,7.5,,82.67
621,7.67,7.5,7.5,7.5,7.5,7.5,10,10,10,7.5,,82.67
622,7.42,7.5,7.5,7.67,7.58,7.5,10,10,10,7.5,,82.67
623,7.75,7.58,7.67,7.25,7.58,7.42,10,10,10,7.42,,82.67
624,7.92,8,7.5,6.75,7.92,7.58,10,10,9.33,7.67,,82.67
625,7.67,7.67,7.17,7.67,7.5,7.5,10,10,10,7.5,,82.67
626,7.83,7.33,7.83,7.33,7.58,7.83,10,10,9.33,7.58,,82.67
627,7.58,7.58,7.42,7.58,7.42,7.5,10,10,10,7.58,,82.67
628,7.5,7.58,7.58,7.58,7.42,7.42,10,10,10,7.58,,82.67
629,7.33,7.58,7.42,7.42,7.67,7.67,10,10,10,7.58,,82.67
630,7.83,7.67,7.5,7.67,7.5,7.58,10,10,9.33,7.58,,82.67
631,7.75,7.58,7.25,7.75,7.67,7.58,10,10,10,7.08,,82.67
632,8.08,7.67,7.67,7.33,7.33,7.17,10,10,10,7.42,,82.67
633,7.5,7.42,7.33,7.33,7.67,7.83,10,10,10,7.58,,82.67
634,7.5,7.42,7.42,7.75,7.5,7.5,10,10,10,7.5,,82.58
635,7.67,7.42,7.5,7.42,7.58,7.5,10,10,10,7.5,,82.58
636,7.5,7.58,7.42,7.5,7.75,7.33,10,10,10,7.5,,82.58
637,7.25,7.25,7,7.08,7,7,10,10,10,10,,82.58
638,7.42,7.42,7.5,7.33,7.25,7.67,10,10,10,8,,82.58
639,7.83,7.58,7.42,7.33,7.42,7.5,10,10,10,7.5,,82.58
640,7.75,7.33,7.42,7.67,7.42,7.5,10,10,10,7.5,,82.58
641,7.42,7.58,7.58,7.42,7.58,7.5,10,10,10,7.5,,82.58
642,7.75,7.42,7.33,7.5,7.58,7.5,10,10,10,7.5,,82.58
643,7.83,7.5,7.42,7.58,7.42,7.42,10,10,10,7.42,,82.58
644,7.67,7.42,7.5,7.67,7,7.75,10,10,10,7.58,,82.58
645,7.58,7.58,7.42,7.75,7.67,7.67,9.33,10,10,7.58,,82.58
646,7.5,7.58,7.42,7.58,7.42,7.58,10,10,10,7.5,,82.58
647,7.75,7.25,7.33,7.42,7.5,7.83,10,10,10,7.5,,82.58
648,7.75,7.5,7.75,7.25,7.33,7.58,10,10,10,7.42,,82.58
649,7.58,7.5,7.42,7.58,7.67,7.42,10,10,10,7.42,,82.58
650,7.5,7.58,7.5,7.5,7.42,7.5,10,10,10,7.58,,82.58
651,7.67,7.58,7.58,7.75,7.67,6.83,10,10,10,7.5,,82.58
652,7.33,7.42,7.58,7.42,7.67,7.5,10,10,10,7.67,,82.58
653,7.58,7.5,7.33,7.75,7.5,7.5,10,10,10,7.42,,82.58
654,7.5,7.5,7.5,7.5,7.58,7.5,10,10,10,7.42,,82.5
655,7.83,7.75,7.25,7.5,7.42,7.33,10,10,10,7.42,,82.5
656,7.58,7.58,7.33,7.5,7.5,7.5,10,10,10,7.5,,82.5
657,7.5,7.5,7.33,7.5,7.67,7.5,10,10,10,7.5,,82.5
658,7.5,7.83,7.5,7.75,7.33,7.42,9.33,10,10,7.83,,82.5
659,7.33,7.5,7.5,7.5,7.67,7.5,10,10,10,7.5,,82.5
660,7.67,7.42,7.33,7.58,7.5,7.5,10,10,10,7.5,,82.5
661,7.75,7,7.42,7.58,7.58,7.58,10,10,10,7.58,,82.5
662,7.42,7.58,7.5,7.67,7.25,7.5,10,10,10,7.58,,82.5
663,7.42,7.5,7.67,7.33,7.42,7.67,10,10,10,7.5,,82.5
664,7.83,7.42,7.33,7.67,7.42,7.5,10,10,10,7.33,,82.5
665,7.5,7.5,7.42,7.42,7.58,7.58,10,10,10,7.5,,82.5
666,7.83,7.67,7.17,7.33,7.5,7.67,10,10,10,7.33,,82.5
667,7.5,7.58,7.5,7.5,7.42,7.42,10,10,10,7.58,,82.5
668,7.67,7.5,7.33,7.67,7.5,7.33,10,10,10,7.5,,82.5
669,7.92,7.5,7.33,7.58,7.25,7.42,10,10,10,7.5,,82.5
670,7.67,7.33,7.33,7.33,7.5,7.83,10,10,10,7.5,,82.5
671,7.67,7.42,7.33,7.67,7.5,7.5,10,10,10,7.42,,82.5
672,7.67,7.5,7.33,7.5,7.25,7.67,10,10,10,7.58,,82.5
673,7.33,7.42,7.33,7.75,7.42,7.67,10,10,10,7.58,,82.5
674,7.75,7.58,7.67,7.67,7.58,7.58,9.33,10,10,7.33,,82.5
675,7.42,7.67,7.17,7.58,7.58,7.5,10,10,10,7.5,,82.42
676,7.58,7.5,7.33,7.75,7.33,7.5,10,10,10,7.42,,82.42
677,7.67,7.58,7.25,7.67,7.42,7.33,10,10,10,7.5,,82.42
678,7.58,7.5,7.25,7.67,7.5,7.5,10,10,10,7.42,,82.42
679,7.5,7.42,7.08,7.75,7.67,7.5,10,10,10,7.5,,82.42
680,5.08,7.75,7.83,7.75,7.83,8.08,10,10,10,8.08,,82.42
681,7.67,7.42,7.42,7.5,7.42,7.42,10,10,10,7.58,,82.42
682,7.42,7.5,7.33,7.5,7.25,7.42,10,10,10,8,,82.42
683,7.67,7.25,7.42,7.42,7.67,7.42,10,10,10,7.58,,82.42
684,7.17,7.83,7.33,7.5,7.75,7.42,10,10,10,7.42,,82.42
685,7.5,7.5,7.5,7.67,7.42,7.5,10,10,10,7.33,,82.42
686,7.42,7.5,7.42,7.58,7.42,7.5,10,10,10,7.58,,82.42
687,7.58,7.67,7.33,7.5,7.5,7.42,10,10,10,7.42,,82.42
688,7.58,7.58,7.58,7.75,7.5,7.58,9.33,10,10,7.5,,82.42
689,7.25,7.33,7.25,7.5,7.42,7.5,10,10,10,8.17,,82.42
690,7.5,7.58,7.5,7.92,7.42,7.67,9.33,10,10,7.5,,82.42
691,7.25,7.67,7.42,7.17,7.75,7.5,10,10,10,7.67,,82.42
692,7.67,7.42,7.33,7.5,7.58,7.5,10,10,10,7.42,,82.42
693,7.5,7.42,7.42,7.67,7.42,7.58,10,10,10,7.42,,82.42
694,7.42,7.58,7.5,7.42,7.58,7.5,10,10,10,7.42,,82.42
695,7.42,7.58,7.33,7.58,7.5,7.5,10,10,10,7.5,,82.42
696,7.75,7.33,7.25,7.58,7.58,7.33,10,10,10,7.58,,82.42
697,7.5,7.58,7.33,7.5,7.5,7.5,10,10,10,7.5,,82.42
698,7.58,7.58,7.17,7.5,7.5,7.5,10,10,10,7.58,,82.42
699,7.58,7.33,7.33,7.58,7.5,7.5,10,10,10,7.58,,82.42
700,7.67,7.58,7.33,7.42,7.58,7.33,10,10,10,7.5,,82.42
701,7.83,7.5,7.42,7.67,7.17,7.33,10,10,10,7.5,,82.42
702,7.67,7.33,7.25,7.42,7.5,7.67,10,10,10,7.58,,82.42
703,7.75,7.5,7.42,7.42,7.5,7.42,10,10,10,7.42,,82.42
704,7.33,7.58,7.17,7.58,7.42,7.58,10,10,10,7.75,,82.42
705,7.58,7.25,7.42,7.25,7.58,7.83,10,10,10,7.5,,82.42
706,7.5,7.58,7.33,7.5,7.42,7.42,10,10,10,7.58,,82.33
707,7.33,7.5,7.5,7.33,7.5,7.5,10,10,10,7.67,,82.33
708,7.42,7.42,7.42,7.5,7.5,7.58,10,10,10,7.5,,82.33
709,7.5,7.5,7.42,7.5,7.42,7.5,10,10,10,7.5,,82.33
710,7.75,7.5,7.25,7.25,7.42,7.67,10,10,10,7.5,,82.33
711,7.75,7.33,7.5,7.5,7.33,7.58,10,10,10,7.33,,82.33
712,7.5,7.58,7.42,7.5,7.42,7.42,10,10,10,7.5,,82.33
713,8.25,7.83,7.25,8.33,8.17,8.08,10,6.67,10,7.75,,82.33
714,7.42,7.5,7.5,7.42,7.5,7.58,10,10,10,7.42,,82.33
715,7.5,7.42,7.17,7.83,7.5,7.5,10,10,10,7.42,,82.33
716,7.33,7.58,7.42,7.58,7.33,7.5,10,10,10,7.58,,82.33
717,7.75,8.08,7.67,8.08,8.08,8,10,10,6.67,8,,82.33
718,7.58,7.67,7.5,7.58,7.75,7.5,9.33,10,10,7.42,,82.33
719,7.33,7.58,7.42,7.5,7.5,7.5,10,10,10,7.5,,82.33
720,7.42,7.33,7.5,7.17,7.08,8.33,10,10,10,7.5,,82.33
721,7.5,7.5,7.5,7.5,7.5,7.5,10,10,10,7.33,,82.33
722,7.5,7.5,7.5,7.5,7.5,7.5,10,10,10,7.33,,82.33
723,7.5,7.42,7.58,7.5,7.5,7.58,10,10,10,7.25,,82.33
724,7.5,7.42,7.5,7.5,7.5,7.58,10,10,10,7.33,,82.33
725,7.67,7.5,7.42,7.5,7.42,7.42,10,10,10,7.42,,82.33
726,7.92,7.58,7.25,7.75,7.92,7.58,9.33,9.33,10,7.67,,82.33
727,7.67,7.5,7.33,7.67,7.5,7.33,10,10,10,7.33,,82.33
728,7.58,7.67,7.58,7.33,7,7.58,10,10,10,7.58,,82.33
729,7.67,7.58,7.5,7.58,7.5,7.5,10,10,10,7,,82.33
730,7.5,7.67,7.33,7.5,7.33,7.5,10,10,10,7.5,,82.33
731,7.58,7.5,7.42,7.5,7.5,7.42,10,10,10,7.42,,82.33
732,8,7.75,7.33,7.33,7.08,7.67,9.33,10,10,7.83,,82.33
733,7.58,7.58,7.25,7.58,7.42,7.5,10,10,10,7.42,,82.33
734,7.83,7.58,7.33,7.25,7.58,7.42,10,10,10,7.33,,82.33
735,7.58,7.5,7.25,7.42,7.67,7.33,10,10,10,7.5,,82.25
736,7,7.08,7,7.17,7,7,10,10,10,10,,82.25
737,7.67,7.5,7.25,7.67,7.42,7.42,10,10,10,7.33,,82.25
738,7.42,7.67,7.5,7.08,7.5,7.42,10,10,10,7.67,,82.25
739,7.58,7.67,7.5,7.67,7.83,8.42,9.33,9.33,9.33,7.58,,82.25
740,7.58,7.5,7.42,7.58,7.42,7.42,10,10,10,7.33,,82.25
741,7.58,7.42,7.33,7.42,7.58,7.5,10,10,10,7.42,,82.25
742,7.75,7.58,7.42,7.42,7.33,7.33,10,10,10,7.42,,82.25
743,7.5,7.5,7.5,7.5,7.5,7.5,10,10,10,7.25,,82.25
744,7.58,7.58,7.42,7.42,7.42,7.42,10,10,10,7.42,,82.25
745,7.33,7.42,7.5,7.67,7.5,7.42,10,10,10,7.42,,82.25
746,7.58,7.58,7.5,7.17,7.42,7.42,10,10,10,7.58,,82.25
747,7.5,7.5,7.33,7.58,7.67,7.33,10,10,10,7.33,,82.25
748,7.5,7.58,7.42,7.67,7.33,7.42,10,10,10,7.33,,82.25
749,7.67,7.58,7.33,7.5,7.42,7.42,10,10,10,7.33,,82.25
750,7.75,7.33,7.33,7.5,7.5,7.5,10,10,10,7.33,,82.25
751,7.33,7.58,7.42,7.67,7.33,7.5,10,10,10,7.42,,82.25
752,7.42,7.5,7.42,7.58,7.42,7.5,10,10,10,7.42,,82.25
753,7.5,7.42,7.67,7.33,7.58,7.33,10,10,10,7.42,,82.25
754,7.67,7.33,7.33,7.33,7.5,7.5,10,10,10,7.58,,82.25
755,7.67,7.58,7.42,7,7.5,7.58,10,10,10,7.5,,82.25
756,7.17,7.25,7.58,7.25,7.58,7.67,10,10,10,7.75,,82.25
757,7.42,7.42,7.5,7.42,7.42,7.5,10,10,10,7.5,,82.17
758,7.5,7.5,7.17,7.42,7.5,7.5,10,10,10,7.58,,82.17
759,7.5,7.5,7.33,7.42,7.5,7.42,10,10,10,7.5,,82.17
760,7.58,7.42,7.42,7.33,7.5,7.42,10,10,10,7.5,,82.17
761,7.42,7.42,7.42,7.5,7.5,7.33,10,10,10,7.58,,82.17
762,6.92,7.58,7.42,7.33,7.83,7.5,10,10,10,7.58,,82.17
763,7.42,7.42,7.17,7.75,7.25,7.67,10,10,10,7.5,,82.17
764,7.67,7.5,7.25,7.42,7.58,7.42,10,10,10,7.33,,82.17
765,7.42,7.42,7.5,7.5,7.42,7.5,10,10,10,7.42,,82.17
766,7.58,7.5,7.42,7.25,7.5,7.42,10,10,10,7.5,,82.17
767,7.75,7.42,7.42,7.58,7.33,7.42,10,10,10,7.25,,82.17
768,7.42,7.33,7.17,7.42,7.33,8.17,10,10,10,7.33,,82.17
769,7.5,7.5,7.33,7.42,7.5,7.42,10,10,10,7.5,,82.17
770,7.5,7.5,7.5,7.5,7.5,7.5,10,10,10,7.17,,82.17
771,7.67,7.5,7.5,7.17,7.17,7.58,10,10,10,7.58,,82.17
772,7.33,7.25,7.25,7.58,7.75,7.5,10,10,10,7.5,,82.17
773,7.5,7.67,7,7.5,7.33,7.5,10,10,10,7.67,,82.17
774,7.25,7.75,7,7.75,8.17,7.75,10,10,9.33,7.17,,82.17
775,7.5,7.58,7.25,7.5,7.5,7.33,10,10,10,7.5,,82.17
776,7,7.67,7.5,7.5,7.42,7.5,10,10,10,7.58,,82.17
777,7.58,7.67,7.42,7.17,7.17,7.75,10,10,10,7.42,,82.17
778,7.5,7.5,7.42,7.42,7.5,7.42,10,10,10,7.33,,82.08
779,7.75,7.58,7.42,7.67,7.83,7.58,9.33,9.33,10,7.58,,82.08
780,7.42,7.58,7.42,7.5,7.42,7.25,10,10,10,7.5,,82.08
781,7.25,7.25,7.58,7.58,7.25,7.92,10,10,10,7.25,,82.08
782,7.75,7.42,7.42,7.25,7.17,7.42,10,10,10,7.67,,82.08
783,7.42,7.33,7.42,7.42,7.5,7.58,10,10,10,7.42,,82.08
784,7.42,7.5,7.5,7.33,7.33,7.5,10,10,10,7.5,,82.08
785,7.5,7.42,7.42,7.42,7.67,7.42,10,10,10,7.25,,82.08
786,7.58,7.33,7.33,7.33,7.5,7.67,10,10,10,7.33,,82.08
787,7.25,7.58,7.58,7.25,7.5,7.42,10,10,10,7.5,,82.08
788,7.42,7.58,7.5,7.33,7.42,7.42,10,10,10,7.42,,82.08
789,7.5,7.42,7.42,7.5,7.25,7.5,10,10,10,7.5,,82.08
790,7.67,7.5,7.25,7.58,7.42,7.33,10,10,10,7.33,,82.08
791,7.67,8,7.17,7.08,7.67,7.08,10,10,10,7.42,,82.08
792,7.58,7.42,7.25,7.75,7.33,7.42,10,10,10,7.33,,82.08
793,7.33,7.5,7.33,7.58,7.08,7.83,10,10,10,7.42,,82.08
794,7.67,7.42,7.67,7.33,7.25,7.58,10,10,10,7.17,,82.08
795,7.5,7.5,7.17,7.5,7.5,7.42,10,10,10,7.42,,82
796,7.5,7.5,7.25,7.33,7.42,7.5,10,10,10,7.5,,82
797,7.5,7.33,7.42,7.5,7.33,7.42,10,10,10,7.5,,82
798,7.67,7.33,7.33,7.42,7.42,7.42,10,10,10,7.42,,82
799,7.42,7.5,7.25,7.33,7.5,7.5,10,10,10,7.5,,82
800,7.42,7.42,7.33,7.58,7.33,7.42,10,10,10,7.5,,82
801,7.5,7.42,7.33,7.58,7.33,7.5,10,10,10,7.33,,82
802,7.33,7.5,7.17,7.42,7.5,7.33,10,10,10,7.75,,82
803,7.58,7.5,7.42,7.42,7.33,7.42,10,10,10,7.33,,82
804,7.5,7.25,7.33,7.33,7.75,7.5,10,10,10,7.33,,82
805,7.33,7.33,7.33,7.5,7.5,7.83,10,10,10,7.17,,82
806,7.33,7.33,7.58,7.5,7.5,7.58,10,10,10,7.17,,82
807,7.42,7.58,7.33,7.42,8,7.5,9.33,10,10,7.42,,82
808,7.33,7.67,7.42,7.17,7.33,7.42,10,10,10,7.67,,82
809,7.67,7.33,7.25,7.5,7.42,7.42,10,10,10,7.42,,82
810,7.42,7.5,7.33,7.5,7.33,7.5,10,10,10,7.42,,82
811,7.42,7.5,7.25,7.5,7.5,7.42,10,10,10,7.42,,82
812,7.33,7.33,7.33,7.5,7.67,7.67,10,10,10,7.17,,82
813,7.58,7.5,7.17,7.5,7.5,7.42,10,10,10,7.33,,82
814,7.75,7.33,7.33,7.42,7.75,7.67,10,10,9.33,7.42,,82
815,7.33,7,7.08,7.42,7.5,7.67,10,10,10,8,,82
816,7.58,7.5,7.25,7.58,7.58,7.5,9.33,10,10,7.58,,81.92
817,7.5,7.5,7.25,7.42,7.42,7.42,10,10,10,7.42,,81.92
818,7.58,7.5,7.25,7.33,7.42,7.5,10,10,10,7.33,,81.92
819,7.42,7.33,7.33,7.5,7.5,7.33,10,10,10,7.5,,81.92
820,7.67,7.58,7.33,7.5,7.5,7.67,10,10,9.33,7.33,,81.92
821,7.58,7.58,7.17,7.83,7.17,7.33,10,10,10,7.25,,81.92
822,7.33,7.33,7.33,7.42,7.5,7.58,10,10,10,7.42,,81.92
823,7.58,7.42,7.25,7.17,7.5,7.67,10,10,10,7.33,,81.92
824,7.67,7.08,7.42,7.33,7.75,7.42,10,10,10,7.25,,81.92
825,7.42,7.33,7.33,7.58,7.33,7.5,10,10,10,7.42,,81.92
826,7.5,7.5,7.42,7.25,7.5,7.5,10,10,10,7.25,,81.92
827,7.58,7.5,7.25,7.58,7.5,7.25,10,10,10,7.25,,81.92
828,7.5,7.5,7.25,7.25,7.5,7.5,10,10,10,7.42,,81.92
829,7.5,7.42,7.25,7.5,7.33,7.33,10,10,10,7.58,,81.92
830,7.33,7.58,7.17,7.58,7.42,7.33,10,10,10,7.5,,81.92
831,7.67,7.42,7.33,7.83,7.5,7.5,9.33,10,10,7.33,,81.92
832,7.42,7.58,7.25,7.5,7.33,7.5,10,10,10,7.33,,81.92
833,7.67,7.33,7.33,7.58,7.33,7.33,10,10,10,7.33,,81.92
834,7.42,7.5,7.25,7.5,7.33,7.42,10,10,10,7.42,,81.83
835,7.25,7.33,7.5,7.33,7.67,7.42,10,10,10,7.33,,81.83
836,7.42,7.5,7.42,7.5,7.42,7.25,10,10,10,7.33,,81.83
837,7.75,7.83,7.58,7.75,7.92,7.83,10,10,10,5.17,,81.83
838,7.58,7.5,7.33,7.42,7.58,7.25,10,10,10,7.17,,81.83
839,7.17,7.58,6.83,7.5,7.75,7.25,10,10,10,7.75,,81.83
840,7.58,7,6.92,6.92,7.67,7.5,10,10,10,8.25,,81.83
841,7.33,7.58,7.5,7.42,7.33,7.33,10,10,10,7.33,,81.83
842,7.58,7.5,7.33,7.5,7.17,7.33,10,10,10,7.42,,81.83
843,7.5,7.5,7.33,7.5,7.42,7.25,10,10,10,7.33,,81.83
844,7.67,7.5,7.5,7.25,7.08,7.42,10,10,10,7.42,,81.83
845,7.67,7.33,7.17,7.25,7.75,7.33,10,10,10,7.33,,81.83
846,7.42,7.42,7.42,7.33,7.42,7.42,10,10,10,7.42,,81.83
847,7.58,7.42,7.33,7.33,7.33,7.42,10,10,10,7.42,,81.83
848,7.33,7.58,7.25,7.17,7.83,7.33,10,10,10,7.33,,81.83
849,7.5,7.5,7.33,7.33,7.33,7.33,10,10,10,7.5,,81.83
850,7.42,7.42,7.25,7.5,7.33,7.42,10,10,10,7.5,,81.83
851,7.5,7.5,7,7.42,7.5,7.58,10,10,10,7.33,,81.83
852,7.83,7.83,7.83,8,7.83,7.83,10,6.67,10,8,,81.83
853,7.75,7.75,7.5,7.42,7.83,7.75,9.33,9.33,9.33,7.83,,81.83
854,7.83,7.67,7.33,7.33,7.67,7.83,9.33,10,9.33,7.5,,81.83
855,7.83,7.33,7.25,7.58,7.25,7.33,10,10,10,7.25,,81.83
856,7.33,7.33,7.25,7.5,7.5,7.5,10,10,10,7.42,,81.83
857,7.33,7.67,7.25,7.5,7.5,7.25,10,10,10,7.33,,81.83
858,7.58,7.5,7.17,7.58,7.33,7.33,10,10,10,7.33,,81.83
859,7.25,7.58,7.83,7.67,7.75,7.75,9.33,9.33,10,7.33,,81.83
860,7.5,7.5,7.25,7.42,7.42,7.33,10,10,10,7.33,,81.75
861,7,7.08,7.33,7.5,7.5,7.33,10,10,10,8,,81.75
862,7.42,7.42,7.42,7.42,7.33,7.33,10,10,10,7.42,,81.75
863,7.17,7.25,7.17,7.25,7.42,8.25,10,10,10,7.25,,81.75
864,7.5,7.5,7.33,7.42,7.25,7.25,10,10,10,7.5,,81.75
865,7.42,7.5,7.17,7.67,7.33,7.42,10,10,10,7.25,,81.75
866,7.42,7.5,7.33,7.58,7.33,7.33,10,10,10,7.25,,81.75
867,7.33,7.42,7.33,7.67,7.42,7.25,10,10,10,7.33,,81.75
868,7.5,7.42,7.25,7.33,7.67,7.25,10,10,10,7.33,,81.75
869,7.33,7.42,7.33,7.33,7.5,7.67,10,10,10,7.17,,81.75
870,7.42,7.58,6.92,7.08,7.25,8,10,10,10,7.5,,81.75
871,7.42,7.5,7.25,7.5,7.5,7.25,10,10,10,7.25,,81.67
872,7.42,7.42,7.08,7.42,7.33,7.42,10,10,10,7.58,,81.67
873,7.42,7.33,7.17,7.67,7.33,7.42,10,10,10,7.33,,81.67
874,7.58,7.5,7.33,7.33,7.42,7.25,10,10,10,7.25,,81.67
875,7.17,7.33,7.33,7.42,7.5,7.33,10,10,10,7.58,,81.67
876,7.58,7.5,7.25,7.25,7.5,7.25,10,10,10,7.33,,81.67
877,7.75,7.75,7.75,7.67,5.25,7.83,10,10,10,7.67,,81.67
878,7.25,7.75,6.92,7.42,7.5,7.58,10,10,10,7.25,,81.67
879,7.42,7.33,7.25,7.42,7.5,7.42,10,10,10,7.33,,81.67
880,7.33,7.33,7.5,7.25,7.42,7.33,10,10,10,7.5,,81.67
881,7.25,7.42,7.25,7.5,7.5,7.42,10,10,10,7.33,,81.67
882,7.17,7.42,7.33,7.42,7.33,7.42,10,10,10,7.58,,81.67
883,7.5,7.33,7.5,7.5,7.17,7.17,10,10,10,7.5,,81.67
884,7.5,7.17,7.17,7.17,7.5,7.08,10,10,10,8.08,,81.67
885,7.42,7.42,7.67,8,7.58,7.5,9.33,9.33,10,7.42,,81.67
886,7.5,7.5,7.5,7.25,7.42,7.25,10,10,10,7.25,,81.67
887,7.58,7.42,7.33,7.42,7.33,7.33,10,10,10,7.25,,81.67
888,7.5,7.42,7.08,7.58,7.33,7.33,10,10,10,7.42,,81.67
889,7.5,7.67,7.33,7.33,7.33,7.33,10,10,10,7.17,,81.67
890,7.25,7.67,7.58,7.67,7.67,7.58,8.67,10,10,7.58,,81.67
891,7.67,7.25,7.17,7.75,7.5,7.25,10,10,10,7.08,,81.67
892,7.5,7.42,7.33,7.42,7.42,7.42,10,10,10,7.17,,81.67
893,7.58,7.42,7.25,7.58,7.25,7.17,10,10,10,7.42,,81.67
894,7.75,7.58,7.25,7.17,7.58,7.33,9.33,10,10,7.67,,81.67
895,7.42,7.33,7.33,7.33,7.17,7.83,10,10,10,7.25,,81.67
896,7.5,7.42,7.08,7.42,7.5,7.33,10,10,10,7.33,,81.58
897,7.42,7.42,7.08,7.5,7.42,7.33,10,10,10,7.42,,81.58
898,7.42,7.42,7.25,7.67,7.33,7.25,10,10,10,7.25,,81.58
899,7.58,7.42,7.5,7.17,7.08,7.58,10,10,10,7.25,,81.58
900,7.42,7.42,7.33,7.42,7.42,7.33,10,10,10,7.25,,81.58
901,7.42,7.42,7.17,7.58,7.33,7.33,10,10,10,7.33,,81.58
902,7.33,7.17,7.08,7.08,8.33,8.25,10,10,9.33,7,,81.58
903,7.42,7.42,7.33,7.33,7.5,7.25,10,10,10,7.33,,81.58
904,7.42,7.33,7.17,7.58,7.42,7.5,10,10,10,7.17,,81.58
905,7.67,7.5,7.42,7.5,6.75,7.42,10,10,10,7.33,,81.58
906,7.33,7.5,7.25,7.5,7.5,7.17,10,10,10,7.33,,81.58
907,7.67,7.58,7.42,7.58,7.58,7.42,10,10,8.67,7.67,,81.58
908,7.08,7.33,7.58,7.58,7.17,7.5,10,10,10,7.33,,81.58
909,7.33,7.33,7.17,7.5,7.58,7.33,10,10,10,7.33,,81.58
910,7.25,7.17,7.33,7.33,7.5,7.75,10,10,10,7.25,,81.58
911,7.67,7.58,7.17,7.42,7.33,7.42,9.33,10,10,7.58,,81.5
912,7.5,7.42,7.33,7.33,7.25,7.33,10,10,10,7.33,,81.5
913,7.5,7.5,7.33,7.42,7.17,7.25,10,10,10,7.33,,81.5
914,7.5,7.42,7.25,7.25,7.5,7.25,10,10,10,7.33,,81.5
915,7.5,7.42,7.33,7.08,7.58,7.25,10,10,10,7.33,,81.5
916,7.25,7.42,7.25,7.5,7.33,7.33,10,10,10,7.42,,81.5
917,7.83,7.33,7.08,7.08,7.33,7.5,10,10,10,7.33,,81.5
918,7.67,7.42,6.92,7.5,7.5,7.17,10,10,10,7.33,,81.5
919,7.5,7.42,7.17,7.58,7.25,7.42,10,10,10,7.17,,81.5
920,7.42,7.33,7.67,7.33,7.42,7.5,10,10,9.33,7.5,,81.5
921,7.58,7.5,7.5,7.67,7.67,7.83,9.33,9.33,9.33,7.75,,81.5
922,7.42,7.33,7.25,7.42,7.42,7.33,10,10,10,7.33,,81.5
923,7.5,7.42,7.25,7.25,7.33,7.33,10,10,10,7.42,,81.5
924,7.33,7.33,7.17,7.42,7.5,7.5,10,10,10,7.25,,81.5
925,7.58,7.42,7.25,7.42,7.33,7.33,10,10,10,7.17,,81.5
926,7.42,7.25,7.17,7.42,7.17,8,10,10,10,7.08,,81.5
927,7.33,7.5,7.33,7.33,7.33,7.42,10,10,10,7.25,,81.5
928,7.42,7.42,7.33,7.17,7.25,7.42,10,10,10,7.5,,81.5
929,7.5,7.5,7.25,7.5,7.42,7.58,9.33,10,10,7.42,,81.5
930,7.75,7.17,7.17,7.33,7.58,7.33,10,10,10,7.17,,81.5
931,7.5,7.42,7.17,7.42,7.5,7.33,10,10,10,7.17,,81.5
932,7.33,7.5,7.33,7.42,7.17,7.33,10,10,10,7.42,,81.5
933,7.42,7.42,7.17,7.42,7.42,7.33,10,10,10,7.33,,81.5
934,7.33,7.33,7.33,7.5,7.5,7.83,9.33,10,10,7.33,,81.5
935,7.58,7.33,7.08,7.33,7.5,7.33,10,10,10,7.25,,81.42
936,7.42,7.33,7.08,7.58,7.33,7.25,10,10,10,7.42,,81.42
937,7.33,7.5,7.5,7.33,6.83,7.42,10,10,10,7.5,,81.42
938,7.5,7.33,7.17,7.25,7.5,7.42,10,10,10,7.25,,81.42
939,7.83,7.75,7.42,7.17,7.08,7.08,10,10,10,7.08,,81.42
940,7.58,7.17,7.33,7.42,7.08,7.42,10,10,10,7.42,,81.42
941,7.25,7.5,7.42,7.17,7.33,7.33,10,10,10,7.42,,81.42
942,7.42,7.5,7.17,7.42,7.42,7.42,10,10,10,7.08,,81.42
943,7.67,7.33,7.25,7.17,7.25,7.42,10,10,10,7.33,,81.42
944,7.42,7.42,7.17,7.33,7.42,7.42,10,10,10,7.25,,81.42
945,7.42,7.33,7.25,7.42,7.42,7.5,10,10,10,7.08,,81.42
946,7.42,7.33,7.25,7.17,7.25,7.42,10,10,10,7.58,,81.42
947,7.42,7.42,7.25,7.25,7.5,7.33,10,10,10,7.25,,81.42
948,7.5,7.42,7.25,7.17,7.17,7.75,10,10,10,7.17,,81.42
949,7.75,7.33,7.42,7,7.33,7.25,10,10,10,7.33,,81.42
950,7.83,7,7,7.58,7.58,7.5,10,10,10,6.92,,81.42
951,7.5,7.33,7.33,7.17,7.33,7.42,10,10,10,7.25,,81.33
952,7.5,7.5,7,7.17,7.5,7.33,10,10,10,7.33,,81.33
953,7.67,7.42,7,7.42,7.58,7.08,10,10,10,7.17,,81.33
954,7.25,7.33,7.33,7.33,7.33,7.42,10,10,10,7.33,,81.33
955,7.58,7.42,7.17,7.42,7.17,7.17,10,10,10,7.42,,81.33
956,7.17,7.33,7.42,7.25,7.42,7.33,10,10,10,7.42,,81.33
957,7.08,7.33,7.42,7.33,7.33,7.5,10,10,10,7.33,,81.33
958,7.75,7.33,7.08,7.33,7.33,7.25,10,10,10,7.25,,81.33
959,7.33,7.33,7.17,7.33,7.5,7.33,10,10,10,7.33,,81.33
960,7.58,7.42,7.25,7.33,7.25,7.25,10,10,10,7.25,,81.33
961,7.33,7.25,7.17,7.42,7.58,7.33,10,10,10,7.25,,81.33
962,7.5,7.58,7.5,7.5,7.75,7.83,9.33,9.33,9.33,7.58,,81.33
963,7.83,7.75,7.67,7.83,7.83,7.75,9.33,10,10,5.25,,81.25
964,7.17,7.42,7.17,7.08,6.92,8.17,10,10,10,7.33,,81.25
965,7.08,7.5,7.33,7.17,7.42,7.25,10,10,10,7.5,,81.25
966,7.42,7.17,7.17,7.5,7.33,7.25,10,10,10,7.42,,81.25
967,7.33,7.42,7.17,7.25,7.42,7.33,10,10,10,7.33,,81.25
968,7.33,7.17,7.17,7.5,7.25,7.42,10,10,10,7.42,,81.25
969,7.5,7.5,7.25,7.25,7.25,7.25,10,10,10,7.25,,81.25
970,7.5,7.33,7.5,7.58,7,7.25,10,10,10,7.08,,81.25
971,7.42,7.42,7.33,7.33,7.5,7.42,9.33,10,10,7.5,,81.25
972,7.33,7.5,7.17,7.17,7.58,7.17,10,10,10,7.25,,81.17
973,7.67,7.17,7.17,7.33,7.5,7.17,10,10,10,7.17,,81.17
974,7.75,7.58,7.08,7.25,7.08,7.25,10,10,10,7.17,,81.17
975,7.5,7.5,7.33,7.17,7.08,7.17,10,10,10,7.42,,81.17
976,7.42,7.33,7,7.42,7.33,7.33,10,10,10,7.33,,81.17
977,6.83,7.42,7.42,7.17,7.5,7.42,10,10,10,7.42,,81.17
978,7.25,7.25,7.25,7.08,7.58,7.5,10,10,10,7.25,,81.17
979,7.58,7.17,7.17,7.33,7.33,7.25,10,10,10,7.33,,81.17
980,7.58,7.25,7.33,7.08,7.33,7.33,10,10,10,7.25,,81.17
981,7.33,7.08,7.33,7.25,7.33,7.58,10,10,10,7.25,,81.17
982,7.42,7.42,7.17,7.42,7.33,7.25,10,10,10,7.17,,81.17
983,7.42,7.25,7.08,7.75,7.42,7.17,10,10,10,7.08,,81.17
984,7.42,7.25,7.33,7.25,7.25,7.42,10,10,10,7.25,,81.17
985,7.42,7.33,7.25,7.42,7.5,7.17,10,10,10,7.08,,81.17
986,7.25,7.75,7.67,7.67,7.42,7.67,8.67,9.33,10,7.75,,81.17
987,7.42,7.33,7.17,7.33,7.42,7.17,10,10,10,7.25,,81.08
988,7.58,7.42,7.5,7.25,7.75,7.58,9.33,10,9.33,7.33,,81.08
989,7.33,7.33,7.33,7.42,7.33,7.33,10,10,10,7,,81.08
990,7.42,7.17,7.33,7.42,7.25,7.33,10,10,10,7.17,,81.08
991,7.42,7.33,7.33,7.25,7.25,7.33,10,10,10,7.17,,81.08
992,7.42,7.25,7.17,7.25,7.25,7.58,10,10,10,7.17,,81.08
993,7.67,7.75,7.67,7.58,7.58,7.67,6.67,10,10,8.5,,81.08
994,7.25,7.42,7.33,7.33,7.17,7.33,10,10,10,7.25,,81.08
995,7.33,7.25,7.33,7.42,7.25,7.42,10,10,10,7.08,,81.08
996,7.33,7.33,7.25,7.42,7.25,7.25,10,10,10,7.25,,81.08
997,7.42,7.33,7.25,7.42,7.17,7.25,10,10,10,7.25,,81.08
998,7.42,7.42,7.25,7.58,6.92,7.17,10,10,10,7.33,,81.08
999,7.25,7.25,7.17,7.5,7.33,7.17,10,10,10,7.33,,81
1000,7.42,7.08,7.08,7.33,7.25,7.58,10,10,10,7.25,,81
1001,7.33,7.17,7.17,7.67,7.33,7.17,10,10,10,7.17,,81
1002,7.42,7.25,7.17,7.5,7.25,7.17,10,10,10,7.25,,81
1003,7.67,7.5,7.42,5.25,7.67,7.75,10,10,10,7.75,,81
1004,7.5,7.25,7,7.25,7.5,7.25,10,10,10,7.25,,81
1005,7.25,7.17,7.17,7.25,7.5,7.33,10,10,10,7.33,,81
1006,7.42,7.25,7.25,7.33,7.25,7.17,10,10,10,7.33,,81
1007,7.67,7.75,7.83,7.75,7.83,7.75,10,6.67,10,7.75,,81
1008,7.33,7.33,7.08,7.42,7.17,7.33,10,10,10,7.33,,81
1009,7.33,6.92,7.17,7.33,7.42,7.42,10,10,10,7.42,,81
1010,7.5,6.92,7.33,7.33,7.33,7.33,10,10,10,7.25,,81
1011,7.33,7.42,7.25,7.42,7.25,7.17,10,10,10,7.17,,81
1012,7.08,7.33,7.33,7.33,7.42,7.25,10,10,10,7.25,,81
1013,7.58,7.67,7.5,7.67,7.58,7.5,8,10,10,7.5,,81
1014,7.33,7.17,7.25,7.33,7.33,7.25,10,10,10,7.25,,80.92
1015,7.67,7.67,7.33,7.58,7.67,7.5,9.33,9.33,9.33,7.5,,80.92
1016,7.17,7.58,7.5,7.5,8,7.75,10,10,10,5.42,,80.92
1017,7.5,7.33,7.17,7.42,7.5,7.33,9.33,10,10,7.33,,80.92
1018,7.17,7.42,7,7.58,7.33,7,10,10,10,7.42,,80.92
1019,7.42,7.08,7.17,7.17,7.58,7.25,10,10,10,7.25,,80.92
1020,7.33,7.17,7.17,7.25,7.42,7.33,10,10,10,7.25,,80.92
1021,7.25,7.33,7.25,7.25,7.25,7.33,10,10,10,7.25,,80.92
1022,7.92,7.67,7.33,7.08,7.08,7.08,10,10,10,6.75,,80.92
1023,7.17,7.42,7.17,7.25,7.25,7.33,10,10,10,7.33,,80.92
1024,7.33,7.08,7.25,7,7.5,7.42,10,10,10,7.33,,80.92
1025,7.58,7.42,6.92,7.5,7.25,7.17,10,10,10,7.08,,80.92
1026,7.42,7.25,7.25,7.25,7.25,7.25,10,10,10,7.25,,80.92
1027,7.25,7.17,7.08,7.08,7.08,8.08,10,10,10,7.17,,80.92
1028,7.42,7.25,7.25,7.25,7.25,7.25,10,10,10,7.25,,80.92
1029,7.58,7.33,7.08,7.5,7.17,7.25,10,10,10,7,,80.92
1030,7.67,7.58,7.33,7.33,7.17,7,10,10,10,6.83,,80.92
1031,7.42,7.33,7.17,7.17,7.17,7.25,10,10,10,7.33,,80.83
1032,7.67,7.25,7.08,7.33,7.17,7.25,10,10,10,7.08,,80.83
1033,7.17,7.08,7.25,7.42,7.25,7.33,10,10,10,7.33,,80.83
1034,7.33,7.25,7.33,7.33,7.25,7.17,10,10,10,7.17,,80.83
1035,7.5,7.17,7.33,7.25,7.17,7.17,10,10,10,7.25,,80.83
1036,7.42,7.33,7,7.25,7.33,7.5,10,10,10,7,,80.83
1037,7.33,7.33,7,6.83,7.33,7.67,10,10,10,7.33,,80.83
1038,7.17,7.25,7.08,7.17,7.25,7.58,10,10,10,7.25,,80.75
1039,6.92,7.5,7,7.58,7.5,7.08,10,10,10,7.17,,80.75
1040,7.5,7.33,7,7.42,7.17,7.17,10,10,10,7.17,,80.75
1041,7.25,7.25,7.17,7.25,7.33,7.25,10,10,10,7.25,,80.75
1042,7.5,7.33,7,7.42,7.25,7.17,10,10,10,7.08,,80.75
1043,7.25,7.33,7.17,7.33,7.33,7.17,10,10,10,7.17,,80.75
1044,7.42,7.17,7.08,7.42,7.25,7.25,10,10,10,7.17,,80.75
1045,7.25,7.33,7.08,7.5,7.25,7.33,10,10,10,7,,80.75
1046,7.33,7.33,7.25,7.25,7.17,7.17,10,10,10,7.25,,80.75
1047,7.58,7.33,7.42,7.25,7.5,7.5,9.33,9.33,10,7.5,,80.75
1048,7.42,7,7.42,7.25,7.08,7.33,10,10,10,7.25,,80.75
1049,7.08,7.33,7.17,7.25,7.33,7.67,10,10,10,6.92,,80.75
1050,7.33,7.08,7.08,7.08,7.42,7.33,10,10,10,7.33,,80.67
1051,7.58,7.42,7,7.67,7.5,7.5,9.33,9.33,10,7.33,,80.67
1052,7.67,7.42,6.83,7.17,7.42,7.17,10,10,10,7,,80.67
1053,7.83,7.5,7.67,7.67,7.83,7.5,6.67,10,10,8,,80.67
1054,7.5,7.25,7.17,7.17,7.25,7.17,10,10,10,7.17,,80.67
1055,7.25,7.17,7.17,7.25,7.17,7.42,10,10,10,7.25,,80.67
1056,7.67,7.5,7.42,7.67,7.5,7.75,10,10,6.67,8.5,,80.67
1057,7.67,7.17,7,7.5,7,7,10,10,10,7.33,,80.67
1058,7,7.33,7.5,7.33,7,7.33,10,10,10,7.17,,80.67
1059,7,7.5,7.33,7.17,7.17,7.17,10,10,10,7.33,,80.67
1060,7.17,7.25,7.08,7.42,7.08,7.42,10,10,10,7.25,,80.67
1061,7.33,7.25,7.33,7.08,7.58,7.25,9.33,10,10,7.42,,80.58
1062,7.08,7.5,7,7.25,7.42,7,10,10,10,7.33,,80.58
1063,7.25,7.08,7.08,7.33,7.33,7.25,10,10,10,7.25,,80.58
1064,7.42,7.25,7.33,7,7.08,7.25,10,10,10,7.25,,80.58
1065,7.5,7.17,7,7.42,7.33,7,10,10,10,7.17,,80.58
1066,7.17,7.42,6.83,7.5,7.17,7.25,10,10,10,7.25,,80.58
1067,7.42,7.58,7.5,7.92,7.83,7.83,8.67,8.67,9.33,7.83,,80.58
1068,7.08,7.25,7,7.5,7.08,7.33,10,10,10,7.33,,80.58
1069,7.17,7.17,7.17,7.42,7.17,7.25,10,10,10,7.17,,80.5
1070,7.33,7.25,7.08,7.17,7.25,7.17,10,10,10,7.25,,80.5
1071,7.58,7.33,7,7.17,7.33,7.08,10,10,10,7,,80.5
1072,7.25,7.25,7.17,7.17,7.25,7.17,10,10,10,7.25,,80.5
1073,7.25,7.33,7.17,7.5,7.33,7.25,9.33,10,10,7.33,,80.5
1074,7.17,7.33,7.17,7.42,7.25,7.08,10,10,10,7.08,,80.5
1075,7.5,7.17,6.83,7.5,7.17,7.17,10,10,10,7.17,,80.5
1076,7.42,7.42,7.08,7.33,7.67,7.5,9.33,9.33,10,7.42,,80.5
1077,7.42,7.33,7.33,7.58,7.58,7.42,8.67,10,10,7.17,,80.5
1078,7.5,7.5,7,7.67,7.17,7,10,10,10,6.67,,80.5
1079,7.25,7.25,7.08,7.33,7.25,7.17,10,10,10,7.17,,80.5
1080,7.25,7.42,7,7.42,7.33,7,10,10,10,7,,80.42
1081,7.58,7.17,7.17,7.17,7.17,7.17,10,10,10,7,,80.42
1082,7.33,7.17,7.08,7.08,7.33,7.17,10,10,10,7.25,,80.42
1083,7.25,7.08,7.25,7.17,7.33,7.17,10,10,10,7.17,,80.42
1084,7.25,7.25,7.17,7.25,7.25,7.25,10,10,10,7,,80.42
1085,6.92,7.17,7.08,7.5,7.33,7.17,10,10,10,7.25,,80.42
1086,7.42,7.08,7.08,7.33,7.25,7.17,10,10,10,7.08,,80.42
1087,7.08,7.25,7.17,7.33,7.08,7.08,10,10,10,7.33,,80.33
1088,7.25,7.17,7,7.25,7.42,7.08,10,10,10,7.17,,80.33
1089,7.25,7.17,7.25,7.25,7.25,7.08,10,10,10,7.08,,80.33
1090,7.25,7.25,7.08,7.25,7.25,7.25,10,10,10,7,,80.33
1091,7.33,7.33,6.83,7.5,7,7.17,10,10,10,7.17,,80.33
1092,7.25,7.08,7.08,7.33,7.33,7.17,10,10,10,7.08,,80.33
1093,7.17,7.5,6.92,7.33,7.67,7.33,9.33,10,10,7.08,,80.33
1094,7.25,7.25,7.25,7.33,7.5,8,9.33,9.33,10,7.08,,80.33
1095,7.17,7.33,7.42,7.08,7,7,10,10,10,7.25,,80.25
1096,7.25,7.25,7,7,7.42,7,10,10,10,7.33,,80.25
1097,7.25,7.17,7,7.33,7.33,7,10,10,10,7.17,,80.25
1098,8,7.08,7,7.33,7.08,6.92,10,10,10,6.83,,80.25
1099,7.42,7,7.08,7,7.17,7.33,10,10,10,7.25,,80.25
1100,7.08,6.92,7,7.25,7.5,7.25,10,10,10,7.25,,80.25
1101,7.5,7.08,7.67,7.67,7.42,7.58,9.33,9.33,9.33,7.33,,80.25
1102,7.42,8,7.83,7.75,8.08,7.58,8.67,8.67,8.67,7.58,,80.25
1103,7.25,7.08,7.25,7.25,7.17,7.25,10,10,10,7,,80.25
1104,7,7.17,7.33,7.33,7,7.17,10,10,10,7.25,,80.25
1105,7.58,7.33,7.17,7.25,6.75,7,10,10,10,7.17,,80.25
1106,7.42,7.25,7.25,7.58,7.42,7.33,8.67,10,10,7.25,,80.17
1107,7.17,7.08,7.08,7.33,7.25,7.08,10,10,10,7.17,,80.17
1108,7.25,7.25,7,7.17,7.08,7.08,10,10,10,7.33,,80.17
1109,7.33,7.33,7,7.17,7.17,7.17,10,10,10,7,,80.17
1110,7.33,7.08,6.92,7.42,7.25,7.08,10,10,10,7.08,,80.17
1111,7.58,7.42,7.33,7.5,7.08,7.17,8.67,10,10,7.42,,80.17
1112,7.33,7.33,7.17,7.08,7.25,7,10,10,10,7,,80.17
1113,7.33,7.33,7,7.33,7,7,10,10,10,7.17,,80.17
1114,7.58,7.5,7.33,7.33,7.67,7.33,9.33,9.33,9.33,7.42,,80.17
1115,7.17,7.17,7,7.17,7.25,7.25,10,10,10,7.08,,80.08
1116,7.42,7.25,7.25,7.17,7,7,10,10,10,7,,80.08
1117,7.25,7.17,6.92,7.25,7.17,7.25,10,10,10,7.08,,80.08
1118,7.25,7.25,7.25,7.25,7.08,7,10,10,10,7,,80.08
1119,7.25,7.25,7.25,7,7.25,7.08,10,10,10,7,,80.08
1120,7.25,7.25,7.25,7.08,7.17,7.08,10,10,10,7,,80.08
1121,7.33,7.17,7.25,7.08,7.08,7.08,10,10,10,7.08,,80.08
1122,7.25,7.08,7,7.17,7.33,7.17,10,10,10,7.08,,80.08
1123,7.33,7.08,6.92,7.08,7.42,7.17,10,10,10,7,,80
1124,7.17,7.33,7,7.42,7.17,7,10,10,10,6.92,,80
1125,7.58,7.75,7.42,7.5,7.5,7.5,8.67,8.67,10,7.42,,80
1126,7.25,7.25,7.25,7,7.25,7,10,10,10,7,,80
1127,7.33,6.67,7.08,7.42,7.42,7.08,10,10,10,7,,80
1128,7.25,7.25,7.08,7.17,7.33,7.33,9.33,10,10,7.25,,80
1129,7.08,7.33,7,7.33,7.08,7,10,10,10,7.17,,80
1130,7.42,7.42,7.5,7.92,7.75,7.58,8.67,9.33,8.67,7.75,,80
1131,7.83,7.67,7.58,7.75,7.83,7.17,6.67,10,10,7.42,,79.92
1132,7.5,7,7,6.92,7.33,7.17,10,10,10,7,,79.92
1133,7.33,7.08,7.08,7.33,7.42,7.17,9.33,10,10,7.17,,79.92
1134,7.17,7.17,6.92,7.25,7.33,7.08,10,10,10,7,,79.92
1135,7.5,7.17,7,7.17,7.25,7.08,10,10,10,6.75,,79.92
1136,7.17,7.08,7.08,7.08,7.5,7.33,9.33,10,10,7.33,,79.92
1137,7.33,7.25,7,7.42,7.17,7.17,9.33,10,10,7.25,,79.92
1138,7.17,7.33,7.08,7.58,7.33,7.08,10,9.33,10,7,,79.92
1139,7.5,7.42,7.58,7.42,7.5,7.58,8.67,8.67,10,7.58,,79.92
1140,7,7.08,7,7.17,7.25,7.25,10,10,10,7.08,,79.83
1141,7.33,7.25,6.92,7.33,7.25,7.33,9.33,10,10,7.08,,79.83
1142,6.83,7.17,7.17,6.92,7.5,7.08,10,10,10,7.17,,79.83
1143,7.17,7.08,7,7.25,7.5,7,10,10,10,6.83,,79.83
1144,7.58,7.08,6.83,7.17,7.5,7.17,9.33,10,10,7.17,,79.83
1145,7.5,7.42,7.25,7.58,7.33,7.42,9.33,9.33,9.33,7.25,,79.75
1146,7.75,7.33,7.17,7.33,7.67,7.83,9.33,9.33,8.67,7.33,,79.75
1147,7.08,7.08,7.25,7,7.17,7.17,10,10,10,7,,79.75
1148,7.25,7.08,6.92,7.5,7.08,6.92,10,10,10,7,,79.75
1149,7,7.08,7,7.25,7.5,7.42,9.33,10,10,7.17,,79.75
1150,7.58,7.5,7.67,7.75,7.67,7.58,8,8,10,8,,79.75
1151,7.58,7.08,7,7,7.5,6.92,10,10,10,6.67,,79.75
1152,7.58,7.08,6.92,7.58,7.5,6.92,10,9.33,10,6.83,,79.75
1153,7.25,7.08,7,7.17,7.17,7.08,10,10,10,7,,79.75
1154,7.25,7.17,7.17,7.08,7.17,7,10,10,10,6.92,,79.75
1155,7.33,7.25,7,7.08,7.08,7,10,10,10,7,,79.75
1156,7.58,7.33,7.5,7.33,7,7.33,9.33,9.33,9.33,7.67,,79.75
1157,7.25,6.83,6.92,7.08,7.25,7.08,10,10,10,7.33,,79.75
1158,7.42,7.42,7.25,7.58,7.42,7.33,9.33,9.33,9.33,7.25,,79.67
1159,7.25,7.08,7,6.83,7.33,7.17,10,10,10,7,,79.67
1160,6.92,7.17,6.83,7.42,7.17,7.08,10,10,10,7.08,,79.67
1161,7.5,7,6.83,7.08,7.08,7.17,10,10,10,7,,79.67
1162,7.42,7.25,6.83,7.58,7.17,6.58,10,10,10,6.83,,79.67
1163,7.33,7.17,7,6.75,7.08,7,10,10,10,7.33,,79.67
1164,6.92,7.17,7.17,7.17,7.08,7.08,10,10,10,7.08,,79.67
1165,7.17,7.17,7,7,7.25,6.92,10,10,10,7.17,,79.67
1166,7.08,7,6.92,7.33,7.25,7.08,10,10,10,6.92,,79.58
1167,7.25,6.92,6.92,7.33,7.25,7,10,10,10,6.92,,79.58
1168,7.25,7.17,7,6.75,7.17,7.33,10,10,10,6.92,,79.58
1169,7.08,7,6.83,7.33,7.25,7,10,10,10,7.08,,79.58
1170,6.92,6.92,7,7.42,7.25,7,10,10,10,7,,79.5
1171,6.92,7,7.17,7,7.42,7,10,10,10,7,,79.5
1172,7.83,7.5,7.42,7.42,7.67,7.5,10,6.67,10,7.5,,79.5
1173,7.25,7.08,6.92,7.25,7.58,7.08,9.33,10,10,7,,79.5
1174,7.25,7.33,7,7.25,7.17,7.17,9.33,10,10,7,,79.5
1175,7.08,7.33,7.25,7.58,7.33,7.42,9.33,9.33,9.33,7.42,,79.42
1176,7.25,7.33,6.83,7,7,7.17,10,10,10,6.83,,79.42
1177,7,6.83,6.83,7.42,7.33,7.17,10,10,10,6.83,,79.42
1178,7.42,7.25,6.83,7,7.33,7.08,9.33,10,10,7.08,,79.33
1179,7.42,7.25,6.75,7.25,7.42,7.25,9.33,9.33,10,7.33,,79.33
1180,7,7,6.83,7.33,7.42,6.92,10,10,10,6.83,,79.33
1181,7.42,7.17,7.08,7.17,7.08,7.08,9.33,10,10,7,,79.33
1182,7.17,6.5,6.33,7.25,7.58,7.33,10,10,10,7.17,,79.33
1183,7.08,6.83,6.83,7.25,7.42,7.08,10,10,10,6.75,,79.25
1184,7,7,6.92,7.17,7.17,7.08,10,10,10,6.92,,79.25
1185,7.33,7.42,7.33,7.42,7.5,7.42,8.67,9.33,9.33,7.42,,79.17
1186,7.58,7,6.75,6.92,7,6.92,10,10,10,7,,79.17
1187,7.08,7,6.92,7.42,7,6.92,10,10,10,6.83,,79.17
1188,7.25,7.17,6.75,7.25,7,6.92,10,10,10,6.83,,79.17
1189,7.17,7.42,7.5,8,7.25,7.83,10,10,6.67,7.33,,79.17
1190,7.25,7.08,6.92,7.08,7.17,7.17,9.33,10,10,7.17,,79.17
1191,7.17,6.92,6.92,7.08,7.17,7,10,10,10,6.92,,79.17
1192,6.75,6.75,6.83,7.25,7.58,7.08,10,10,10,6.92,,79.17
1193,7.58,7.67,7.42,7.42,7.67,7.67,8.67,8.67,8.67,7.67,,79.08
1194,7.42,7.08,6.75,7.33,7.33,6.92,10,9.33,10,6.92,,79.08
1195,7.33,7,6.92,7.25,7.33,7.08,9.33,10,10,6.83,,79.08
1196,7.25,7.08,6.75,7.33,7.42,7,9.33,10,10,6.92,,79.08
1197,7.17,7.25,7.25,7.17,7.25,7.08,9.33,9.33,10,7.25,,79.08
1198,6.75,6.75,6.42,6.83,7.58,7.5,10,10,10,7.25,,79.08
1199,7.33,7.17,6.58,7.42,7.08,6.83,10,10,10,6.58,,79
1200,7,7,7,7,7,7,10,10,10,7,,79
1201,7.67,7.17,7.08,7.25,8,7.5,8.67,9.33,9.33,7,,79
1202,6.75,7.08,6.67,7.25,7.17,7.08,10,10,10,7,,79
1203,7.5,7.17,6.92,7.5,7.25,7,8.67,10,10,7,,79
1204,7.17,6.83,6.83,7.25,7.17,6.92,10,10,10,6.83,,79
1205,7.33,7,6.75,7.08,7.17,7.25,9.33,10,10,7,,78.92
1206,7.5,7,6.92,7.08,6.92,6.75,10,10,10,6.75,,78.92
1207,7.17,7,6.92,7,7,7,10,10,10,6.75,,78.83
1208,7.5,6.92,6.92,7.25,7.58,7.42,9.33,9.33,9.33,7.17,,78.75
1209,7.33,7.08,6.33,7.25,7,7,10,10,10,6.75,,78.75
1210,7.25,6.83,6.83,7,7.17,7,10,10,10,6.67,,78.75
1211,7.25,7.33,7.17,7.25,7.08,7,8.67,10,10,7,,78.75
1212,7.67,7.17,6.83,7.33,7.58,7.17,9.33,10,8.67,7,,78.75
1213,7,6.92,6.83,7.17,7.17,7.17,10,10,9.33,7.08,,78.67
1214,6.92,6.92,6.67,7.25,7.17,6.92,10,10,10,6.83,,78.67
1215,7.08,7,6.75,6.83,7.08,6.92,10,10,10,6.92,,78.58
1216,6.83,7.08,6.92,6.75,7.25,7.08,10,10,10,6.67,,78.58
1217,7.33,7.17,6.92,7.58,7.25,7.17,8.67,9.33,10,7.17,,78.58
1218,6.83,6.75,7.17,7.25,7,6.92,10,10,10,6.67,,78.58
1219,7,7,6.75,7.33,6.92,6.92,10,10,10,6.67,,78.58
1220,7.92,7.58,7.58,7.92,7.92,7.5,8,6.67,10,7.5,,78.58
1221,7.92,6.83,7.08,7.42,6.75,7.33,8.67,9.33,10,7.25,,78.58
1222,7.25,6.75,6.92,6.92,7.25,7.58,9.33,9.33,10,7.17,,78.5
1223,7.08,6.83,6.83,7,7,6.92,10,10,10,6.83,,78.5
1224,7.25,7.17,7,6.83,7.58,7.08,8.67,10,10,6.92,,78.5
1225,6.83,7,6.92,7.08,6.92,6.83,10,10,10,6.83,,78.42
1226,7.58,7.17,7,7.17,7.33,7,8,10,10,7.17,,78.42
1227,7.5,7.75,7.58,7.83,7.92,7.92,7.33,8,8.67,7.83,,78.33
1228,7.17,6.5,6.67,7,7.17,7.17,10,10,10,6.67,,78.33
1229,7.17,7.17,6.5,7.17,7,6.83,10,10,10,6.5,,78.33
1230,7.25,7.25,7,7.5,7.33,7.42,8,9.33,10,7.75,,78.33
1231,7.17,6.08,6.17,7.25,7.33,7.33,10,10,10,7,,78.33
1232,7.5,7.5,7.33,7.58,7.5,7.42,8.67,8.67,8.67,7.42,,78.25
1233,7.42,7.33,7.33,7.5,7.67,7.75,8,8.67,9.33,7.25,,78.25
1234,6.92,6.83,6.92,6.92,6.92,6.83,10,10,10,6.83,,78.17
1235,7.08,6.83,6.67,7.25,7.25,6.92,10,9.33,10,6.75,,78.08
1236,7.5,7.08,7.33,7.17,7.5,7.5,6.67,10,10,7.25,,78
1237,6.83,7,6.67,7,7,6.83,10,10,10,6.67,,78
1238,7.58,7.33,7.5,7.42,7.5,7.33,8,8.67,9.33,7.33,,78
1239,7.42,7.25,6.83,7.33,7,6.92,9.33,9.33,9.33,7.25,,78
1240,7.33,7.17,6.92,7.08,7.33,7,9.33,9.33,9.33,7.17,,78
1241,7,6.83,6.83,7.17,6.67,6.83,10,10,10,6.67,,78
1242,7.25,7.33,7,7,7.25,7.08,10,10,8,7.08,,78
1243,7.42,7.17,7,7.17,7.67,7.17,8.67,9.33,9.33,7.08,,78
1244,7.5,7.25,7.42,7,7.08,6.83,8.67,9.33,10,6.83,,77.92
1245,7.42,7.25,7,7,7.25,7.08,8,10,10,6.92,,77.92
1246,7.17,6.17,6.17,7.08,7.33,6.83,10,10,10,7.17,,77.92
1247,7.42,7,7,7.17,7.08,7,9.33,8.67,10,7.17,,77.83
1248,7,6.75,6.67,6.83,7.08,6.83,10,10,10,6.67,,77.83
1249,7,6.83,6.67,7.17,6.83,6.83,10,10,10,6.5,,77.83
1250,7.17,6.75,6.58,7.33,7.33,7.17,9.33,9.33,10,6.67,,77.67
1251,7.58,7.67,7.58,7.67,7.42,7.42,9.33,9.33,6,7.58,,77.58
1252,7.17,6.75,6.58,6.75,6.83,6.75,10,10,10,6.67,,77.5
1253,7.08,6.92,6.33,7,6.92,7,10,10,10,6.17,,77.42
1254,7.5,7.33,7.42,7.58,7.58,6.92,8,8,10,7,,77.33
1255,7.33,7,6.83,7.17,7.17,7.17,9.33,9.33,9.33,6.67,,77.33
1256,7.33,7,6.67,7,6.92,6.92,9.33,9.33,10,6.83,,77.33
1257,6.83,6.83,6.83,6.75,6.92,6.92,9.33,10,10,6.83,,77.25
1258,7.08,6.92,6.83,6.67,7.58,7.42,8.67,9.33,10,6.75,,77.25
1259,7.08,7,7,7.25,7.33,7.25,8.67,8.67,10,6.92,,77.17
1260,7.42,7.75,7.42,7.67,7.92,7.83,8.67,5.33,9.33,7.67,,77
1261,7.67,7.33,7.17,6.67,7.17,7.42,9.33,10,6.67,7.42,,76.83
1262,6.67,6.33,6.42,6.83,7,6.92,10,10,10,6.58,,76.75
1263,6.42,6.5,6.5,7.33,6.33,6.92,10,10,10,6.5,,76.5
1264,7.17,6.58,6.58,7,7.25,6.58,9.33,9.33,10,6.58,,76.42
1265,7.5,7,6.83,7.5,7.17,7.33,8.67,8.67,8.67,7,,76.33
1266,6.17,6.5,6.5,7.17,7,6.83,10,10,10,6.17,,76.33
1267,7.25,7.08,6.83,7.17,7.33,6.83,8.67,8.67,9.33,7.08,,76.25
1268,7.5,7.33,7.33,7.58,7.67,7.25,8,8,8,7.5,,76.17
1269,7.42,7,6.83,7.08,6.92,6.83,7.33,10,10,6.75,,76.17
1270,7.33,7,6.5,6.08,7.58,6.33,9.33,10,9.33,6.67,,76.17
1271,7.08,6.83,6.83,7.17,7.17,7.08,10,7.33,10,6.58,,76.08
1272,6.83,6.83,6.67,6.83,7,6.83,9.33,8.67,10,7,,76
1273,6.83,6.5,6.5,6.92,6.75,7,9.33,10,9.33,6.67,,75.83
1274,7.17,7,6.83,7.5,7.17,7,8,8,10,7,,75.67
1275,7.92,7.58,7.17,7.58,7.33,7.17,8,8,8,6.83,,75.58
1276,6.67,6.5,6.33,7,7.17,6.75,8.67,10,10,6.5,,75.58
1277,7.5,7.25,6.92,7,7.17,6.83,8,8,10,6.83,,75.5
1278,7.17,6.92,6.67,6.83,7.25,7.75,10,6,10,6.58,,75.17
1279,7.25,6.83,6.67,7.08,7.17,6.83,10,6.67,10,6.67,,75.17
1280,7.17,7.17,6.83,7.17,7.42,6.67,8.67,7.33,10,6.75,,75.17
1281,7,6.92,6.75,6.92,7.17,6.83,10,6.67,10,6.75,,75
1282,7.08,6.75,6.58,7,7,6.75,8.67,8.67,10,6.42,,74.92
1283,7.33,6.75,6.67,7.25,7.5,7,10,5.33,10,7,,74.83
1284,6.75,6.5,6.17,7,7.25,6.75,8,10,10,6.33,,74.75
1285,6.75,6.67,6.17,7.17,7,6.58,8,10,10,6.42,,74.75
1286,7.08,7,6.83,7.5,7.33,6.83,8,7.33,10,6.75,,74.67
1287,7.5,7.25,7,7.25,7.42,7.33,8,8.67,6.67,7.33,,74.42
1288,6.5,6.33,6.5,7.5,7.33,6.83,8.67,10,8.67,6,,74.33
1289,7,6.58,6.67,6.83,7.08,6.83,10,6.67,10,6.67,,74.33
1290,6.92,6.42,6.17,7.33,7.25,6.75,10,6.67,10,6.5,,74
1291,7.67,7,7.17,7.58,7.33,7.33,10,2.67,10,7.08,,73.83
1292,7.17,7.17,7.17,7.58,7.67,6.92,9.33,6.67,6.67,7.33,,73.67
1293,7.25,6.58,6.58,7,7,6.42,8,8,10,6.67,,73.5
1294,7,7.17,6.83,7.17,7,7.17,8,8,8,7.08,,73.42
1295,7.08,7.08,6.92,7.08,6.92,6.92,8,8,8,6.92,,72.92
1296,8,7.33,7.75,7.33,7.42,7.67,6.67,6.67,6.67,7.33,,72.83
1297,6.92,6.92,6.92,7.5,7.58,7.17,6.67,6.67,9.33,6.92,,72.58
1298,6.92,6.75,7.08,7.17,7.33,6.67,10,5.33,8.67,6.42,,72.33
1299,6.33,6.5,6.33,6.83,6.33,6.5,10,6.67,10,6.25,,71.75
1300,6.92,6.92,6.92,6.92,7.17,7,10,2.67,10,6.58,,71.08
1301,6.5,6.67,6.42,7.17,7.33,6.5,8,6,10,6.42,,71
1302,6.92,7,6.83,6.92,7.42,6.92,6,6,10,6.75,,70.75
1303,7,7,6.83,7,7.33,6.83,6,6,10,6.67,,70.67
1304,6.67,6.5,6.17,6.67,6.83,6.17,8,8,8,6.33,,69.33
1305,7,6.17,6.17,6.67,6.5,6.17,8,8,8,6.5,,69.17
1306,7,6.33,6.17,6.5,6.67,6.17,8,8,8,6.33,,69.17
1307,7.08,6.83,6.25,7.42,7.25,6.75,10,0,10,6.75,,68.33
1308,6.75,6.58,6.42,6.67,7.08,6.67,9.33,6,6,6.42,,67.92
1309,7.25,6.58,6.33,6.25,6.42,6.08,6,6,6,6.17,,63.08
1310,7.5,6.67,6.67,7.67,7.33,6.67,8,1.33,1.33,6.67,,59.83
1312,0,0,0,0,0,0,0,0,0,0,,0
